service,grouping_var,group,n,median,q1,q3,share_total_loss
N_export,WWF_biome,Boreal Forests/Taiga,521,35.42409033682263,29.655317748025595,44.55675410057198,0
N_export,WWF_biome,Deserts & Xeric Shrublands,12924,54.54745605513659,36.996658240373336,93.69898480560103,0
N_export,WWF_biome,Flooded Grasslands & Savannas,892,41.68858386991303,33.03660209630276,57.89661560450148,0
N_export,WWF_biome,Mangroves,244,52.077239349158845,37.085694801666364,77.7988346299038,0
N_export,WWF_biome,"Mediterranean Forests, Woodlands & Scrub",2549,45.33495383034508,34.13915750702238,65.66968670293663,0
N_export,WWF_biome,Montane Grasslands & Shrublands,2623,43.53340798057661,33.16161526424966,63.50072259904307,0
N_export,WWF_biome,Temperate Broadleaf & Mixed Forests,8833,43.76478627770724,33.386586618185724,62.0098903392883,0
N_export,WWF_biome,Temperate Conifer Forests,1621,39.383232768415375,31.45621369667573,53.36628275331654,0
N_export,WWF_biome,"Temperate Grasslands, Savannas & Shrublands",3816,40.12074214993541,32.037547924414625,55.55748304320355,0
N_export,WWF_biome,Tropical & Subtropical Coniferous Forests,604,39.60236696923585,32.34335409572864,53.27754426974527,0
N_export,WWF_biome,Tropical & Subtropical Dry Broadleaf Forests,1936,49.09942978064839,35.29826353402557,70.63841369851943,0
N_export,WWF_biome,"Tropical & Subtropical Grasslands, Savannas & Shrublands",12494,45.76805709047788,34.30304320172581,66.60504662520479,0
N_export,WWF_biome,Tropical & Subtropical Moist Broadleaf Forests,18634,52.26999349088695,37.20458499229463,76.73535808168799,0
N_export,WWF_biome,Tundra,15,41.240420677329034,30.680664350773142,49.963682485327425,0
Nature_Access,WWF_biome,Boreal Forests/Taiga,724,-53.68911717685105,-77.10599101147578,-41.7806914997124,0.04005524861878453
Nature_Access,WWF_biome,Deserts & Xeric Shrublands,6582,-168.58453376545737,-200,-67.25722100994707,0.41962929200850807
Nature_Access,WWF_biome,Flooded Grasslands & Savannas,968,-131.8740004776266,-200,-62.58875320835939,0.3378099173553719
Nature_Access,WWF_biome,Mangroves,363,-86.99740392401644,-157.98612429386367,-52.31795900139961,0.15702479338842976
Nature_Access,WWF_biome,"Mediterranean Forests, Woodlands & Scrub",2096,-98.7121065890932,-190.9994228292999,-52.98210367439331,0.21946564885496184
Nature_Access,WWF_biome,Montane Grasslands & Shrublands,1929,-81.65712047305647,-151.36468409926158,-51.07965700063279,0.1410057024364956
Nature_Access,WWF_biome,Temperate Broadleaf & Mixed Forests,8038,-80.57120616910154,-172.1271597684779,-49.7954350747288,0.1787758148793232
Nature_Access,WWF_biome,Temperate Conifer Forests,758,-58.01506714841542,-91.15054294486816,-41.83335256963058,0.052770448548812667
Nature_Access,WWF_biome,"Temperate Grasslands, Savannas & Shrublands",8638,-86.36920145708729,-150.98892710005438,-53.65014839573907,0.11484139847186849
Nature_Access,WWF_biome,Tropical & Subtropical Coniferous Forests,308,-60.748322430014085,-106.21089444305281,-43.22499738452922,0.03571428571428571
Nature_Access,WWF_biome,Tropical & Subtropical Dry Broadleaf Forests,2271,-87.80496010636838,-155.17163726868057,-55.4112367405973,0.13474240422721268
Nature_Access,WWF_biome,"Tropical & Subtropical Grasslands, Savannas & Shrublands",12388,-86.67246169377887,-162.05276352903547,-52.261051263537055,0.1579754601226994
Nature_Access,WWF_biome,Tropical & Subtropical Moist Broadleaf Forests,20934,-81.5642388688806,-137.54381730175191,-52.49533841120019,0.07375561287857074
Nature_Access,WWF_biome,Tundra,71,-56.61603174707752,-91.5408661530953,-43.660526863744145,0.11267605633802817
Pollination,WWF_biome,Boreal Forests/Taiga,1239,-55.606262184489665,-120.44163652819668,-39.220472867202915,0.1848264729620662
Pollination,WWF_biome,Deserts & Xeric Shrublands,4189,-66.53527297761909,-124.02626570160345,-42.75085261467731,0.12699928383862497
Pollination,WWF_biome,Flooded Grasslands & Savannas,777,-80.61840036107681,-179.4871794871795,-46.21879094694897,0.21364221364221364
Pollination,WWF_biome,Mangroves,389,-73.99149530396254,-130.07404884404275,-46.11041043735858,0.10539845758354756
Pollination,WWF_biome,"Mediterranean Forests, Woodlands & Scrub",1062,-52.6571713628735,-80.42233433343826,-38.34559146211954,0.09416195856873823
Pollination,WWF_biome,Montane Grasslands & Shrublands,1975,-57.35340611686577,-101.61242109376417,-40,0.09417721518987342
Pollination,WWF_biome,Temperate Broadleaf & Mixed Forests,8294,-54.29919002509971,-92.0292540001189,-39.09871804955927,0.10730648661683144
Pollination,WWF_biome,Temperate Conifer Forests,2288,-71.42323732246822,-182.05267483254568,-44.116953312692466,0.23251748251748253
Pollination,WWF_biome,"Temperate Grasslands, Savannas & Shrublands",4897,-61.81954198454913,-100.88868199102991,-41.61604967398966,0.07923218296916479
Pollination,WWF_biome,Tropical & Subtropical Coniferous Forests,1091,-101.840971494356,-200,-53.70266909331639,0.29697525206232817
Pollination,WWF_biome,Tropical & Subtropical Dry Broadleaf Forests,2918,-79.11130131646394,-149.02422215532687,-46.217913700036505,0.15284441398217957
Pollination,WWF_biome,"Tropical & Subtropical Grasslands, Savannas & Shrublands",14975,-73.51633021818287,-141.7238651552837,-45.58180455890536,0.1665442404006678
Pollination,WWF_biome,Tropical & Subtropical Moist Broadleaf Forests,23578,-88.71903048531979,-165.2478803791771,-50.10537712978308,0.16570531851726186
Pollination,WWF_biome,Tundra,9,-71.29684193932658,-92.99758422530961,-42.52299175294258,0.1111111111111111
Sed_export,WWF_biome,Boreal Forests/Taiga,8953,116.47142443632517,86.38481128107144,156.81780621669327,0
Sed_export,WWF_biome,Deserts & Xeric Shrublands,1399,82.28405662338349,72.29374200042092,102.245401917132,0
Sed_export,WWF_biome,Flooded Grasslands & Savannas,453,98.57874054655267,81.0811140292303,133.3848310328437,0
Sed_export,WWF_biome,Mangroves,249,108.20052863853158,83.20762404858728,150.73028205960702,0
Sed_export,WWF_biome,"Mediterranean Forests, Woodlands & Scrub",693,87.9714854818785,74.48340982973724,109.21317914548389,0
Sed_export,WWF_biome,Montane Grasslands & Shrublands,698,82.16954120999245,71.72255379101526,102.82782439194648,0
Sed_export,WWF_biome,Temperate Broadleaf & Mixed Forests,6350,90.39057731052927,75.50873782442105,115.27315008933945,0
Sed_export,WWF_biome,Temperate Conifer Forests,4007,103.01040953621678,80.43888216099046,138.9962026539614,0
Sed_export,WWF_biome,"Temperate Grasslands, Savannas & Shrublands",1196,88.47607458307527,73.0717118533181,113.59104269688399,0
Sed_export,WWF_biome,Tropical & Subtropical Coniferous Forests,905,97.71356346081089,78.13938730253071,126.23366890978924,0
Sed_export,WWF_biome,Tropical & Subtropical Dry Broadleaf Forests,2382,112.35977804165162,83.76789171005859,152.23547504283806,0
Sed_export,WWF_biome,"Tropical & Subtropical Grasslands, Savannas & Shrublands",9453,96.25154401400853,77.32645307179682,130.41201528480482,0
Sed_export,WWF_biome,Tropical & Subtropical Moist Broadleaf Forests,30621,123.77875135662504,90.36847389778792,165.93843906642365,0
Sed_export,WWF_biome,Tundra,638,108.28423063320878,81.64856221333835,153.59532609384385,0
N_export,region_wb,East Asia & Pacific,20151,51.703920668687566,36.57901505080302,79.03865635662763,0
N_export,region_wb,Europe & Central Asia,7327,41.55595613993169,32.49106772663316,58.67775176520017,0
N_export,region_wb,Latin America & Caribbean,17579,48.618824771932815,35.45277083432059,70.20845631356042,0
N_export,region_wb,Middle East & North Africa,4471,57.44247392639748,38.107962237161445,104.31835355174994,0
N_export,region_wb,North America,3596,37.49595928705625,31.061853276119052,49.67774225140272,0
N_export,region_wb,South Asia,2858,45.81686429369438,34.186839696884945,65.66766660329581,0
N_export,region_wb,Sub-Saharan Africa,11830,46.12288373478353,34.40511268105976,67.97947827539772,0
Nature_Access,region_wb,East Asia & Pacific,16735,-89.90412980738013,-161.10427151339942,-54.949973227262916,0.12847325963549447
Nature_Access,region_wb,Europe & Central Asia,9206,-73.08630968772815,-127.06338342145429,-48.523586149135184,0.08135998262003041
Nature_Access,region_wb,Latin America & Caribbean,13732,-70.15757126843144,-111.49590185385773,-48.0798558631337,0.0383775123798427
Nature_Access,region_wb,Middle East & North Africa,6275,-199.99730399123106,-200,-104.22143696086016,0.5088446215139443
Nature_Access,region_wb,North America,2953,-59.98495001081405,-102.08808122843766,-43.734754402969386,0.08736877751439215
Nature_Access,region_wb,South Asia,2824,-103.7521553141374,-200,-56.827034091840005,0.27939093484419264
Nature_Access,region_wb,Sub-Saharan Africa,14567,-98.2409810708451,-180.40979356567527,-55.69831679565652,0.17848561817807373
Pollination,region_wb,East Asia & Pacific,15837,-65.96111235323421,-119.19219264457521,-42.751785804149876,0.11788848898149902
Pollination,region_wb,Europe & Central Asia,8892,-58.44360155816531,-101.02620482642632,-40.396343417374055,0.099527665317139
Pollination,region_wb,Latin America & Caribbean,20411,-99.42053306533879,-175.68214271016916,-54.43582863953986,0.18343050316006076
Pollination,region_wb,Middle East & North Africa,861,-64.2518301791818,-129.1009754717742,-41.24441504773971,0.140534262485482
Pollination,region_wb,North America,5702,-61.003363492924564,-129.94308360771535,-40.24888966224262,0.1795861101367941
Pollination,region_wb,South Asia,2296,-57.12793383981173,-99.06945873873356,-39.40660217633071,0.09886759581881534
Pollination,region_wb,Sub-Saharan Africa,13825,-69.60926141427899,-139.1816445362792,-44.047263017250316,0.17244122965641953
Sed_export,region_wb,East Asia & Pacific,13373,99.24809669589249,79.29888859441269,130.87607105432423,0
Sed_export,region_wb,Europe & Central Asia,8591,99.80245693414543,78.45828930768755,135.9841656786935,0
Sed_export,region_wb,Latin America & Caribbean,26835,129.5898242863372,93.38850825961299,169.9347580947457,0
Sed_export,region_wb,Middle East & North Africa,316,83.75818999653777,72.80730786600874,103.33204054821971,0
Sed_export,region_wb,North America,9717,109.7307435826101,82.28325064597678,150.6814594757549,0
Sed_export,region_wb,South Asia,789,86.50543935856192,73.23731361780142,109.98511378702878,0
Sed_export,region_wb,Sub-Saharan Africa,8467,91.66025052556985,75.39531538689107,119.26100840922464,0
N_export,income_grp,1. High income: OECD,10349,43.82079295181981,33.25244272050061,65.09875960172204,0
N_export,income_grp,3. Upper middle income,33629,47.86209524827573,35.05080002604339,70.55975897104449,0
N_export,income_grp,4. Lower middle income,13829,49.478595324822,35.60919147056999,75.56056048021182,0
N_export,income_grp,5. Low income,9150,46.32916181153746,34.5971002704613,67.81145121903789,0
Nature_Access,income_grp,1. High income: OECD,5894,-61.85722793784499,-107.10570230790458,-44.454300199459766,0.08228707159823549
Nature_Access,income_grp,3. Upper middle income,33148,-82.62565834667654,-149.11677786441496,-51.91681382802115,0.13119946904790636
Nature_Access,income_grp,4. Lower middle income,16371,-109.07903900608798,-197.03673107987373,-59.055246242420395,0.22484881803188564
Nature_Access,income_grp,5. Low income,10298,-91.13138939520269,-165.21694668645662,-54.396466745520954,0.1411924645562245
Pollination,income_grp,1. High income: OECD,9452,-58.20354675418335,-109.9351166548072,-40,0.14906898011002961
Pollination,income_grp,3. Upper middle income,32461,-76.06184967976914,-145.60516661561724,-45.884226287640026,0.1411540001848372
Pollination,income_grp,4. Lower middle income,15304,-74.83883140375893,-145.4205609927201,-45.54219146495274,0.15420805018295872
Pollination,income_grp,5. Low income,10424,-72.09622247977143,-145.89538772707857,-44.61037562339594,0.1793937068303914
Sed_export,income_grp,1. High income: OECD,13542,101.16594586296046,79.20763117745408,138.24317824538008,0
Sed_export,income_grp,3. Upper middle income,35333,116.19592480253691,85.67829350335066,160.0284084874906,0
Sed_export,income_grp,4. Lower middle income,11982,110.86661877999214,83.26632137424366,150.09446776767962,0
Sed_export,income_grp,5. Low income,7038,93.65085635139118,76.66664026528115,122.67023728137892,0
C_Risk,income_grp,High income: OECD,1192,1.5433672614129805,0.8122004004821106,3.3955528962671875,NA
C_Risk,income_grp,Low income,141,2.3400173122617396,0.8751755172011831,4.987590066585573,NA
C_Risk,income_grp,Lower middle income,317,1.7098700038235892,0.828058421326177,3.4715616859306464,NA
C_Risk,income_grp,Upper middle income,684,1.452176721142378,0.7988878606052118,3.6279555254060822,NA
C_Risk,region_wb,East Asia & Pacific,648,1.9881304421646746,0.885477229190367,3.8489838294245455,NA
C_Risk,region_wb,Europe & Central Asia,747,1.4817494467365966,0.7684811875296652,3.401099598998403,NA
C_Risk,region_wb,Latin America & Caribbean,277,1.1493534321413708,0.7245790036139033,2.5299584401506254,NA
C_Risk,region_wb,Middle East & North Africa,92,1.9957363536448347,0.8973614792950253,4.843526978463653,NA
C_Risk,region_wb,North America,383,1.3947435391618663,0.8012075916416177,3.1456834831485034,NA
C_Risk,region_wb,South Asia,81,2.2055193093103473,0.8381800367430964,4.818116844708943,NA
C_Risk,region_wb,Sub-Saharan Africa,172,1.3916597305632274,0.7806484837223742,3.624884560296012,NA
