income_grp,service,mean_val,stdev_val,valid_count,se_val,sym_pct_change,status_abs,status_pct,grp_num_id,grp_legend_label
1. High income: OECD,C_Risk,0.0019564058143085,0.0451054647509538,578226,5.9317160608099785e-5,0.07696639551025374,Bad,Bad,1,[1] 1. High income: OECD
1. High income: OECD,C_Risk_Red_Ratio,-7.633623287966e-4,0.0162689583105863,578226,2.1394933371462953e-5,-0.8243072440698249,Bad,Bad,1,[1] 1. High income: OECD
1. High income: OECD,N_export,0.022227282,2.514348603278734,323027087,1.3989623288794e-4,0.7459081954778476,Bad,Bad,1,[1] 1. High income: OECD
1. High income: OECD,N_Ret_Ratio,-2.9275604e-4,0.03162766764603495,312592558,1.7888661626645353e-6,-0.03607237549394399,Bad,Bad,1,[1] 1. High income: OECD
1. High income: OECD,Nature_Access,-4171.8257,212721.75766945037,7980672,75.29951549912299,-5.675467016204673,Bad,Bad,1,[1] 1. High income: OECD
1. High income: OECD,Pollination,0.019348798,0.6736195304401794,49695605,9.555549778396784e-5,5.180087083473272,Good,Good,1,[1] 1. High income: OECD
1. High income: OECD,Sed_export,0.12706849,13.896671417877467,332789649,7.617735410188757e-4,5.85760541579276,Bad,Bad,1,[1] 1. High income: OECD
1. High income: OECD,Sed_Ret_Ratio,-3.5949305e-4,0.07846107172790234,309675973,4.458620213573839e-6,-0.0397780665519747,Bad,Bad,1,[1] 1. High income: OECD
3. Upper middle income,C_Risk,2.036617286828e-4,0.049840939658863,379686,8.088610625936949e-5,0.00790714507564802,Bad,Bad,2,[2] 3. Upper middle income
3. Upper middle income,C_Risk_Red_Ratio,-9.076630006322185e-5,0.0170253115472441,379686,2.763012030541384e-5,-0.09628469307695676,Bad,Bad,2,[2] 3. Upper middle income
3. Upper middle income,N_export,0.07256192,3.095282875468456,547977063,1.3222669863149e-4,2.2550653484531606,Bad,Bad,2,[2] 3. Upper middle income
3. Upper middle income,N_Ret_Ratio,-3.5709245e-4,0.03837723095939869,535127934,1.6589940361022162e-6,-0.04324127110061899,Bad,Bad,2,[2] 3. Upper middle income
3. Upper middle income,Nature_Access,-2685.481,203798.0840576775,15043821,52.543744362006585,-15.808371072587551,Bad,Bad,2,[2] 3. Upper middle income
3. Upper middle income,Pollination,0.01824375,0.43871788929110817,104681859,4.287949188976604e-5,7.840453195609419,Good,Good,2,[2] 3. Upper middle income
3. Upper middle income,Sed_export,0.007415448,23.413248733758444,560050214,9.893459839447618e-4,0.08396006982728316,Bad,Bad,2,[2] 3. Upper middle income
3. Upper middle income,Sed_Ret_Ratio,-4.5986037e-4,0.07903540141945768,525624905,3.4473366463060827e-6,-0.0507265986790111,Bad,Bad,2,[2] 3. Upper middle income
4. Lower middle income,C_Risk,-3.855807338307806e-5,0.0445507842688227,233365,9.222262784509412e-5,-0.00160394704928822,Good,Good,3,[3] 4. Lower middle income
4. Lower middle income,C_Risk_Red_Ratio,-1.960172754035907e-5,0.0154994766169781,233365,3.20847878954541e-5,-0.01536379068042796,Bad,Bad,3,[3] 4. Lower middle income
4. Lower middle income,N_export,0.036122933,2.208787207073677,175941480,1.6652128663826e-4,1.139449615214152,Bad,Bad,3,[3] 4. Lower middle income
4. Lower middle income,N_Ret_Ratio,-7.46625e-4,0.0361751330469687,170169420,2.7731245638422316e-6,-0.09515789274899253,Bad,Bad,3,[3] 4. Lower middle income
4. Lower middle income,Nature_Access,-2024.7249,214421.6474515612,4991008,95.97861872098794,-8.328890496841145,Bad,Bad,3,[3] 4. Lower middle income
4. Lower middle income,Pollination,0.008710076,0.18812687109232443,42475338,2.8865721067451546e-5,7.377491229922769,Good,Good,3,[3] 4. Lower middle income
4. Lower middle income,Sed_export,0.17671084,48.283202282747645,181820521,0.00358075508318629,2.195608771383011,Bad,Bad,3,[3] 4. Lower middle income
4. Lower middle income,Sed_Ret_Ratio,-2.1230966e-4,0.06474616906873479,172111927,4.93524359370664e-6,-0.02375867932901708,Bad,Bad,3,[3] 4. Lower middle income
5. Low income,C_Risk,6.016774536343874e-5,0.0600609676975631,59930,2.453410312293225e-4,0.00265691912022158,Bad,Bad,4,[4] 5. Low income
5. Low income,C_Risk_Red_Ratio,-1.495861325462e-4,0.0230351052215733,59930,9.409532823371488e-5,-0.13805643624926764,Bad,Bad,4,[4] 5. Low income
5. Low income,N_export,0.027886206,0.83434949099764,146014842,6.904774566760868e-5,2.0046786605892013,Bad,Bad,4,[4] 5. Low income
5. Low income,N_Ret_Ratio,1.3141223e-4,0.03437891280191425,142932334,2.8755895432342024e-6,0.0021152649075819457,Good,Good,4,[4] 5. Low income
5. Low income,Nature_Access,-1483.5708,93495.36168085843,4269626,45.24755835033831,-13.111823062816232,Bad,Bad,4,[4] 5. Low income
5. Low income,Pollination,0.00165639,0.06718002431316815,23405002,1.3886276718270032e-5,5.369848787419131,Good,Good,4,[4] 5. Low income
5. Low income,Sed_export,0.14459403,33.47850012032299,145182655,0.00277848864134908,1.2988515432129788,Bad,Bad,4,[4] 5. Low income
5. Low income,Sed_Ret_Ratio,-2.7523222e-4,0.03611219266244255,138162178,3.0722692446097058e-6,-0.0287965364893768,Bad,Bad,4,[4] 5. Low income
