region_wb,service,mean_val,stdev_val,valid_count,se_val,sym_pct_change,status_abs,status_pct,grp_num_id,grp_legend_label
East Asia & Pacific,C_Risk,0.00152347130106,0.0502342496695664,333817,8.694521681822006e-5,0.06373482052086014,Bad,Bad,1,[1] East Asia & Pacific
East Asia & Pacific,C_Risk_Red_Ratio,-5.189599152355e-4,0.0179184971279752,333817,3.101325546009503e-5,-0.3975489834509314,Bad,Bad,1,[1] East Asia & Pacific
East Asia & Pacific,N_export,0.13151799142360687,4.491798509357802,256208349,2.8062323558643e-4,2.5863415183668113,Bad,Bad,1,[1] East Asia & Pacific
East Asia & Pacific,N_Ret_Ratio,-0.00132382719311863,0.04482616070567556,249694396,2.8367897305924507e-6,-0.1545822279369319,Bad,Bad,1,[1] East Asia & Pacific
East Asia & Pacific,Nature_Access,-4110.911,279527.4250800156,6117911,113.01155391501156,-16.29442824643595,Bad,Bad,1,[1] East Asia & Pacific
East Asia & Pacific,Pollination,0.03299437835812569,0.6373066044604936,45618098,9.435824011209772e-5,8.71645151078125,Good,Good,1,[1] East Asia & Pacific
East Asia & Pacific,Sed_export,0.4057227373123169,46.89348842067288,259597613,0.00291046374559058,3.940344570123357,Bad,Bad,1,[1] East Asia & Pacific
East Asia & Pacific,Sed_Ret_Ratio,-2.5362891028635e-4,0.08784655720754338,245149817,5.6105954998995295e-6,-0.02732153773631804,Bad,Bad,1,[1] East Asia & Pacific
Europe & Central Asia,C_Risk,9.087483395917e-4,0.0493120236742372,381937,7.979156059830767e-5,0.03489466201162013,Bad,Bad,2,[2] Europe & Central Asia
Europe & Central Asia,C_Risk_Red_Ratio,-4.237777594577e-4,0.0174559077923167,381937,2.824532478347239e-5,-0.5350540287379744,Bad,Bad,2,[2] Europe & Central Asia
Europe & Central Asia,N_export,-0.00603738380596041,2.455150699305834,252475368,1.5451428896162e-4,-0.11668390929387049,Good,Good,2,[2] Europe & Central Asia
Europe & Central Asia,N_Ret_Ratio,9.9796347785741e-4,0.03676906229621203,247088283,2.3391414169513722e-6,0.10728998398772964,Good,Good,2,[2] Europe & Central Asia
Europe & Central Asia,Nature_Access,-542.47784,141906.38798158296,7469176,51.9236960912332,-1.2256136608504775,Bad,Bad,2,[2] Europe & Central Asia
Europe & Central Asia,Pollination,0.01171797234565019,0.32178664170767396,63555058,4.036388420635925e-5,4.42428383587697,Good,Good,2,[2] Europe & Central Asia
Europe & Central Asia,Sed_export,0.04228891432285309,11.84745097605721,264688058,7.282118578737847e-4,0.9599393502265604,Bad,Bad,2,[2] Europe & Central Asia
Europe & Central Asia,Sed_Ret_Ratio,9.084318298846485e-5,0.07015713576676558,248310522,4.452196139964256e-6,0.00948687914032117,Good,Good,2,[2] Europe & Central Asia
Latin America & Caribbean,C_Risk,6.01043232375e-4,0.0366509739890816,186600,8.484567335444144e-5,0.02516552879138043,Bad,Bad,3,[3] Latin America & Caribbean
Latin America & Caribbean,C_Risk_Red_Ratio,-1.700570100765e-4,0.012526079632563,186600,2.899741931095112e-5,-0.1479428494066186,Bad,Bad,3,[3] Latin America & Caribbean
Latin America & Caribbean,N_export,0.04140285775065422,1.2006514603922038,212503230,8.236338472327472e-5,2.797783442001341,Bad,Bad,3,[3] Latin America & Caribbean
Latin America & Caribbean,N_Ret_Ratio,-9.5898628933355e-4,0.03305552910376974,208217962,2.290788622202843e-6,-0.11721104905514766,Bad,Bad,3,[3] Latin America & Caribbean
Latin America & Caribbean,Nature_Access,-2316.434,198366.14173485147,5095850,87.8737637906816,-8.793137942625975,Bad,Bad,3,[3] Latin America & Caribbean
Latin America & Caribbean,Pollination,0.00490385666489601,0.28651353672915136,36076173,4.770181625504249e-5,3.601766484436412,Good,Good,3,[3] Latin America & Caribbean
Latin America & Caribbean,Sed_export,-0.08785421401262283,26.189334101934023,216816876,0.00177859847150667,-1.356939848742704,Good,Good,3,[3] Latin America & Caribbean
Latin America & Caribbean,Sed_Ret_Ratio,-0.00127005949616432,0.04009098401021755,206069268,2.792801709823429e-6,-0.13649145032634857,Bad,Bad,3,[3] Latin America & Caribbean
Middle East & North Africa,C_Risk,0.0017315971842275,0.0522474012704016,44642,2.472822094208582e-4,0.06852428218498977,Bad,Bad,4,[4] Middle East & North Africa
Middle East & North Africa,C_Risk_Red_Ratio,-6.428530978947e-4,0.0188019477980972,44642,8.898791288903808e-5,-1.1051941348453314,Bad,Bad,4,[4] Middle East & North Africa
Middle East & North Africa,N_export,0.3358004689216614,3.965783632800875,27861236,7.5132670668831e-4,5.8356191107111846,Bad,Bad,4,[4] Middle East & North Africa
Middle East & North Africa,N_Ret_Ratio,-0.00197458174079656,0.04412614602730029,26287370,8.60641787395575e-6,-0.2796859672407084,Bad,Bad,4,[4] Middle East & North Africa
Middle East & North Africa,Nature_Access,-1414.8522,136852.44285165163,2738712,82.69502288599557,-20.184206210866268,Bad,Bad,4,[4] Middle East & North Africa
Middle East & North Africa,Pollination,0.09823977202177048,0.746961282689501,4637740,3.4685255083029065e-4,19.97953896561638,Good,Good,4,[4] Middle East & North Africa
Middle East & North Africa,Sed_export,0.00446968246251344,12.678392829684151,30388763,0.00229989332532853,0.01579520967594897,Bad,Bad,4,[4] Middle East & North Africa
Middle East & North Africa,Sed_Ret_Ratio,-1.3686263991985e-4,0.03573640527363001,25429546,7.086659419375531e-6,-0.00902272863738346,Bad,Bad,4,[4] Middle East & North Africa
North America,C_Risk,7.68576682475e-4,0.032666711887399,323295,5.745210270595128e-5,0.02896230336270558,Bad,Bad,5,[5] North America
North America,C_Risk_Red_Ratio,-3.148130037996e-4,0.01134305918429,323295,1.9949439769201132e-5,-0.3899766430279154,Bad,Bad,5,[5] North America
North America,N_export,0.02346973121166229,1.5155213035553834,187078962,1.1080250266701e-4,0.866891773165031,Bad,Bad,5,[5] North America
North America,N_Ret_Ratio,-8.9130405103787e-4,0.02852404331755822,178032443,2.1377726258134182e-6,-0.10197158002182945,Bad,Bad,5,[5] North America
North America,Nature_Access,-5417.1577,176005.51471646948,4764660,80.63253577246324,-10.644944311705885,Bad,Bad,5,[5] North America
North America,Pollination,0.01246987748891115,0.7603797927034388,24460560,1.537437143293765e-4,5.611874564218253,Good,Good,5,[5] North America
North America,Sed_export,0.06510915607213974,10.272504683904192,190850014,7.435843656783305e-4,3.634192136799607,Bad,Bad,5,[5] North America
North America,Sed_Ret_Ratio,-6.4827600726857e-4,0.08323776323934687,174842621,6.295014680452618e-6,-0.07001135110050918,Bad,Bad,5,[5] North America
South Asia,C_Risk,-0.0029400535214284,0.0805807552241327,29367,4.7022048140956665e-4,-0.11668046518253491,Good,Good,6,[6] South Asia
South Asia,C_Risk_Red_Ratio,8.833049089728e-4,0.0285320421321003,29367,1.664957166216314e-4,1.0151602379503624,Good,Good,6,[6] South Asia
South Asia,N_export,-0.00702477479353547,2.5344811149709994,53509389,3.464767233116e-4,-0.1139237085583987,Good,Good,6,[6] South Asia
South Asia,N_Ret_Ratio,-5.9706787578761e-4,0.03095860058137095,51367728,4.3195264973924666e-6,-0.07518109922243636,Bad,Bad,6,[6] South Asia
South Asia,Nature_Access,-4055.6702,299228.95501787856,1268196,265.7115460699198,-9.93870848604586,Bad,Bad,6,[6] South Asia
South Asia,Pollination,0.00410294299945235,0.12609818221269983,14075104,3.361112273372696e-5,3.0846538305182074,Good,Good,6,[6] South Asia
South Asia,Sed_export,-0.3825149834156037,40.75713435873401,50635088,0.00572766826467864,-3.0085199116430834,Good,Good,6,[6] South Asia
South Asia,Sed_Ret_Ratio,9.6011918503791e-4,0.03451025428938684,47858842,4.988466572042995e-6,0.1060455586159612,Good,Good,6,[6] South Asia
Sub-Saharan Africa,C_Risk,5.198668199867e-4,0.0504114457605539,70872,1.893615537901107e-4,0.02230247950726827,Bad,Bad,7,[7] Sub-Saharan Africa
Sub-Saharan Africa,C_Risk_Red_Ratio,-4.224354897519e-4,0.0187753496489362,70872,7.052623325588399e-5,-0.4234037340367075,Bad,Bad,7,[7] Sub-Saharan Africa
Sub-Saharan Africa,N_export,0.01834192872047424,0.5446704624359009,208635023,3.770858335430216e-5,1.6286019837674603,Bad,Bad,7,[7] Sub-Saharan Africa
Sub-Saharan Africa,N_Ret_Ratio,6.1054434627294e-4,0.0305253095951653,205156165,2.131168514139092e-6,0.06451397571170467,Good,Good,7,[7] Sub-Saharan Africa
Sub-Saharan Africa,Nature_Access,-2499.7812,143261.1373996102,5990831,58.53085398221986,-16.18768244509297,Bad,Bad,7,[7] Sub-Saharan Africa
Sub-Saharan Africa,Pollination,0.00340748205780982,0.0584920418128255,32400602,1.0275908820555906e-5,13.44773133430006,Good,Good,7,[7] Sub-Saharan Africa
Sub-Saharan Africa,Sed_export,0.06784212589263916,22.762102797628575,210960662,0.0015671538738428,1.4052990372786145,Bad,Bad,7,[7] Sub-Saharan Africa
Sub-Saharan Africa,Sed_Ret_Ratio,-2.9852811712771e-4,0.08241717129325371,201056340,5.812444491633981e-6,-0.03122138243330838,Bad,Bad,7,[7] Sub-Saharan Africa
