subregion,total_count_coastal_risk_tnc_esa1992_2020_20251224_013825,mean_Rt_1992_coastal_risk_tnc_esa1992_2020_20251224_013825,stdev_Rt_1992_coastal_risk_tnc_esa1992_2020_20251224_013825,valid_count_Rt_1992_coastal_risk_tnc_esa1992_2020_20251224_013825,p5_Rt_1992_coastal_risk_tnc_esa1992_2020_20251224_013825,p95_Rt_1992_coastal_risk_tnc_esa1992_2020_20251224_013825,mean_Rt_2020_coastal_risk_tnc_esa1992_2020_20251224_013825,stdev_Rt_2020_coastal_risk_tnc_esa1992_2020_20251224_013825,valid_count_Rt_2020_coastal_risk_tnc_esa1992_2020_20251224_013825,p5_Rt_2020_coastal_risk_tnc_esa1992_2020_20251224_013825,p95_Rt_2020_coastal_risk_tnc_esa1992_2020_20251224_013825,mean_Service_1992_coastal_risk_tnc_esa1992_2020_20251224_013825,stdev_Service_1992_coastal_risk_tnc_esa1992_2020_20251224_013825,valid_count_Service_1992_coastal_risk_tnc_esa1992_2020_20251224_013825,p5_Service_1992_coastal_risk_tnc_esa1992_2020_20251224_013825,p95_Service_1992_coastal_risk_tnc_esa1992_2020_20251224_013825,mean_Service_2020_coastal_risk_tnc_esa1992_2020_20251224_013825,stdev_Service_2020_coastal_risk_tnc_esa1992_2020_20251224_013825,valid_count_Service_2020_coastal_risk_tnc_esa1992_2020_20251224_013825,p5_Service_2020_coastal_risk_tnc_esa1992_2020_20251224_013825,p95_Service_2020_coastal_risk_tnc_esa1992_2020_20251224_013825,mean_Rt_change_coastal_risk_tnc_esa1992_2020_20251224_013825,stdev_Rt_change_coastal_risk_tnc_esa1992_2020_20251224_013825,valid_count_Rt_change_coastal_risk_tnc_esa1992_2020_20251224_013825,p5_Rt_change_coastal_risk_tnc_esa1992_2020_20251224_013825,p95_Rt_change_coastal_risk_tnc_esa1992_2020_20251224_013825,mean_Service_change_coastal_risk_tnc_esa1992_2020_20251224_013825,stdev_Service_change_coastal_risk_tnc_esa1992_2020_20251224_013825,valid_count_Service_change_coastal_risk_tnc_esa1992_2020_20251224_013825,p5_Service_change_coastal_risk_tnc_esa1992_2020_20251224_013825,p95_Service_change_coastal_risk_tnc_esa1992_2020_20251224_013825,mean_N_ret_ratio_1992,stdev_N_ret_ratio_1992,valid_count_N_ret_ratio_1992,total_count_N_ret_ratio_1992,p5_N_ret_ratio_1992,p95_N_ret_ratio_1992,mean_N_ret_ratio_2020,stdev_N_ret_ratio_2020,valid_count_N_ret_ratio_2020,total_count_N_ret_ratio_2020,p5_N_ret_ratio_2020,p95_N_ret_ratio_2020,mean_Nitrogen_Export_diff,stdev_Nitrogen_Export_diff,valid_count_Nitrogen_Export_diff,total_count_Nitrogen_Export_diff,p5_Nitrogen_Export_diff,p95_Nitrogen_Export_diff,mean_Pollination_diff,stdev_Pollination_diff,valid_count_Pollination_diff,total_count_Pollination_diff,p5_Pollination_diff,p95_Pollination_diff,mean_Sed_ret_ratio_1992,stdev_Sed_ret_ratio_1992,valid_count_Sed_ret_ratio_1992,total_count_Sed_ret_ratio_1992,p5_Sed_ret_ratio_1992,p95_Sed_ret_ratio_1992,mean_Sed_ret_ratio_2020,stdev_Sed_ret_ratio_2020,valid_count_Sed_ret_ratio_2020,total_count_Sed_ret_ratio_2020,p5_Sed_ret_ratio_2020,p95_Sed_ret_ratio_2020,mean_Sediment_Export_diff,stdev_Sediment_Export_diff,valid_count_Sediment_Export_diff,total_count_Sediment_Export_diff,p5_Sediment_Export_diff,p95_Sediment_Export_diff,mean_coastal_risk_esa1992_value_md5_3bd250,stdev_coastal_risk_esa1992_value_md5_3bd250,valid_count_coastal_risk_esa1992_value_md5_3bd250,total_count_coastal_risk_esa1992_value_md5_3bd250,p5_coastal_risk_esa1992_value_md5_3bd250,p95_coastal_risk_esa1992_value_md5_3bd250,mean_coastal_risk_esa2020_value_md5_f9f644,stdev_coastal_risk_esa2020_value_md5_f9f644,valid_count_coastal_risk_esa2020_value_md5_f9f644,total_count_coastal_risk_esa2020_value_md5_f9f644,p5_coastal_risk_esa2020_value_md5_f9f644,p95_coastal_risk_esa2020_value_md5_f9f644,mean_global_n_export_tnc_esa1992_compressed_md5_728edc,stdev_global_n_export_tnc_esa1992_compressed_md5_728edc,valid_count_global_n_export_tnc_esa1992_compressed_md5_728edc,total_count_global_n_export_tnc_esa1992_compressed_md5_728edc,p5_global_n_export_tnc_esa1992_compressed_md5_728edc,p95_global_n_export_tnc_esa1992_compressed_md5_728edc,mean_global_n_export_tnc_esa2020_compressed_md5_1d3c17,stdev_global_n_export_tnc_esa2020_compressed_md5_1d3c17,valid_count_global_n_export_tnc_esa2020_compressed_md5_1d3c17,total_count_global_n_export_tnc_esa2020_compressed_md5_1d3c17,p5_global_n_export_tnc_esa2020_compressed_md5_1d3c17,p95_global_n_export_tnc_esa2020_compressed_md5_1d3c17,mean_global_sed_export_marine_mod_ESA_1992_compressed_md5_18eaae,stdev_global_sed_export_marine_mod_ESA_1992_compressed_md5_18eaae,valid_count_global_sed_export_marine_mod_ESA_1992_compressed_md5_18eaae,total_count_global_sed_export_marine_mod_ESA_1992_compressed_md5_18eaae,p5_global_sed_export_marine_mod_ESA_1992_compressed_md5_18eaae,p95_global_sed_export_marine_mod_ESA_1992_compressed_md5_18eaae,mean_global_sed_export_marine_mod_ESA_2020_compressed_md5_a988c0,stdev_global_sed_export_marine_mod_ESA_2020_compressed_md5_a988c0,valid_count_global_sed_export_marine_mod_ESA_2020_compressed_md5_a988c0,total_count_global_sed_export_marine_mod_ESA_2020_compressed_md5_a988c0,p5_global_sed_export_marine_mod_ESA_2020_compressed_md5_a988c0,p95_global_sed_export_marine_mod_ESA_2020_compressed_md5_a988c0,mean_nature_access_lspop2019_ESA1992_md5_b32b8b,stdev_nature_access_lspop2019_ESA1992_md5_b32b8b,valid_count_nature_access_lspop2019_ESA1992_md5_b32b8b,total_count_nature_access_lspop2019_ESA1992_md5_b32b8b,p5_nature_access_lspop2019_ESA1992_md5_b32b8b,p95_nature_access_lspop2019_ESA1992_md5_b32b8b,mean_nature_access_lspop2019_ESA2020_compressed_md5_6727ac,stdev_nature_access_lspop2019_ESA2020_compressed_md5_6727ac,valid_count_nature_access_lspop2019_ESA2020_compressed_md5_6727ac,total_count_nature_access_lspop2019_ESA2020_compressed_md5_6727ac,p5_nature_access_lspop2019_ESA2020_compressed_md5_6727ac,p95_nature_access_lspop2019_ESA2020_compressed_md5_6727ac,mean_nature_access_lspop2019_marESA2020-1992_change_md5_c324c9,stdev_nature_access_lspop2019_marESA2020-1992_change_md5_c324c9,valid_count_nature_access_lspop2019_marESA2020-1992_change_md5_c324c9,total_count_nature_access_lspop2019_marESA2020-1992_change_md5_c324c9,p5_nature_access_lspop2019_marESA2020-1992_change_md5_c324c9,p95_nature_access_lspop2019_marESA2020-1992_change_md5_c324c9,mean_realized_polllination_on_ag_ESA1992mar_md5_d3d0d3,stdev_realized_polllination_on_ag_ESA1992mar_md5_d3d0d3,valid_count_realized_polllination_on_ag_ESA1992mar_md5_d3d0d3,total_count_realized_polllination_on_ag_ESA1992mar_md5_d3d0d3,p5_realized_polllination_on_ag_ESA1992mar_md5_d3d0d3,p95_realized_polllination_on_ag_ESA1992mar_md5_d3d0d3,mean_realized_polllination_on_ag_ESA2020mar_md5_da610a,stdev_realized_polllination_on_ag_ESA2020mar_md5_da610a,valid_count_realized_polllination_on_ag_ESA2020mar_md5_da610a,total_count_realized_polllination_on_ag_ESA2020mar_md5_da610a,p5_realized_polllination_on_ag_ESA2020mar_md5_da610a,p95_realized_polllination_on_ag_ESA2020mar_md5_da610a
Antarctica,0,,,0,,,,,0,,,,,0,,,,,0,,,,,0,,,,,0,,,,,0,0,,,,,0,0,,,,,0,0,,,,,784946714,784946714,0.0,0.0,,,0,0,,,,,0,0,,,,,0,0,,,,,0,0,,,,,0,0,,,,,0,0,,,,,0,0,,,,,0,0,,,,,0,0,,,,,0,2896434,,,,,2896434,2896434,,,,,0,2896434,,,0.0,0.0,10654,784946714,0.0,0.0,0.0,0.0,10654,784946714,0.0,0.0
Australia and New Zealand,68626,2.254727563213569,0.5939441341051077,68626,1.4719452638155257,3.413493722783584,2.2570250483398464,0.5955493497853124,68626,1.4701468317321,3.413493722783584,0.3097855943618173,0.1488777287673052,68626,0.0,0.5257903893943285,0.3074881092355448,0.150899024114326,68626,0.0,0.5257903893943285,0.0022974851262702,0.0400715290563775,68626,0.0,0.0,-0.0022974851262702,0.0400715290563775,68626,0.0,0.0,,,94223784,94223784,0.6496877074241638,0.9228314757347107,,,94223784,94223784,0.6566888689994812,0.9268633127212524,,,94223600,94223600,-1.756119728088379,2.086528778076172,,,94223744,94223744,0.0,0.0,,,94223600,94223600,0.8635855913162231,0.9810143709182739,,,94223600,94223600,0.8645610809326172,0.9813362956047058,,,94223600,94223600,-0.2888857126235962,0.12733745574951172,1.4428292512893677,0.962358493008347,450521,94222804,0.07147546857595444,3.0654563903808594,1.4291982650756836,0.9620770099873027,444242,94222804,0.07105986028909683,3.079683542251587,13.607317924499512,17.918706103642794,85677029,94223600,2.5705504417419434,37.74435043334961,13.803974151611328,18.186558952182004,85677029,94223600,2.832043170928955,39.094390869140625,8.489041328430176,224.22379187885727,90008655,94223600,2.606583984743338e-05,9.250011444091797,8.423054695129395,222.37430723770302,90008655,94223600,5.4878841183381155e-05,8.237472534179688,8103.619140625,140119.16641000463,1971885,1991708,0.0,213.204833984375,,,1991708,1991708,0.0,195.4914093017578,-707.3108520507812,53972.29891719216,1971885,1991708,0.0,0.0,0.038063515,1.1073569093934903,93880523,94223744,0.0,0.0,0.040186465,1.1477743809194583,93880580,94223744,0.0,0.0
Caribbean,27433,2.4041821866284976,0.5365722584361434,27433,1.6629759017034471,3.430658554761,2.405702024925428,0.5368502452902245,27433,1.6629759017034471,3.430658554761,0.4791212392270921,0.1685231055538277,27433,0.2590896954835775,0.7833536878773453,0.477601400930159,0.1685215788872848,27433,0.2590896954835775,0.7833536878773453,0.0015198382969323,0.0245789783261921,27433,0.0,0.0,-0.0015198382969323,0.0245789783261921,27433,0.0,0.0,,,2645614,2645614,0.7032895684242249,0.9555044174194336,,,2645614,2645614,0.7130061984062195,0.9605838656425476,,,2645613,2645613,-3.701809883117676,1.7585639953613281,,,2645517,2645517,0.0,0.21536922454833984,,,2645613,2645613,0.860608696937561,0.9915446043014526,,,2645613,2645613,0.8634738922119141,0.9919081926345825,,,2645613,2645613,-6.443517684936523,2.6173315048217773,1.3150334358215332,0.8925012443804038,187527,2645478,0.14496725797653198,2.8784828186035156,1.325976848602295,0.8911922474669848,188556,2645478,0.15137970447540283,2.8863766193389893,22.46263313293457,36.03495625858418,1900667,2645613,2.2545125484466553,97.96980285644531,22.000669479370117,35.433673277522814,1900667,2645613,2.244568109512329,90.8839111328125,103.22012329101562,705.647474240045,1919961,2645613,0.0007317927083931863,391.99755859375,101.92208862304688,733.0307450750624,1919961,2645613,0.0008402373641729355,341.5431823730469,87787.9609375,368014.46343060926,50249,54216,0.0,434474.09375,,,54216,54216,0.0,413936.71875,72.61698913574219,169727.67442457183,50249,54216,0.0,0.0,1.1382843,2.93616376508404,2575322,2645517,0.0,6.074880599975586,1.1830151,2.9366431045330987,2575344,2645517,0.0,6.539010047912598
Central America,38602,2.3018531767732022,0.6061377558918886,38602,1.511209390509403,3.42206943067054,2.302087337382751,0.6059167998893003,38602,1.511209390509403,3.42206943067054,0.2545834696880018,0.1738229996869032,38602,0.0,0.5002238866471962,0.2543493090784431,0.1735744530820421,38602,0.0,0.5002238866471962,0.0002341606095581,0.0226297728749336,38602,0.0,0.0,-0.0002341606095581,0.0226297728749336,38602,0.0,0.0,,,28247868,28247868,0.7091227769851685,0.9440918564796448,,,28247868,28247868,0.7069500088691711,0.946315348148346,,,28247857,28247857,-0.1721515655517578,2.208669662475586,,,28247908,28247908,0.0,0.0,,,28247857,28247857,0.8637248277664185,0.991023063659668,,,28247857,28247857,0.8590901494026184,0.9908427596092224,,,28247857,28247857,-1.2775064706802368,3.819704532623291,1.6564081907272339,0.9448096065531082,201864,28248137,0.023870045319199562,3.189746379852295,1.6715048551559448,0.93482874042225,205509,28248137,0.09300779551267624,3.2250139713287354,20.06588363647461,48.64259699204779,25919848,28247857,2.2911763191223145,114.64483642578125,21.226415634155273,51.21980519325539,25919848,28247857,2.379150152206421,115.77159118652344,43.56024169921875,395.7009797648375,26550708,28247857,0.0007365116034634411,135.83432006835938,43.3112907409668,395.4280241143153,26550708,28247857,0.0006408190238289535,119.95411682128906,63456.234375,655168.2045649611,595503,603378,0.0,171499.09375,,,603378,603378,0.0,107792.7890625,-11036.666015625,392171.05658701144,595503,603378,0.0,0.0,0.36366174,3.2420171251012033,28126377,28247908,0.0,1.146788239479065,0.41080028,3.6005071802678117,28126612,28247908,0.0,1.5739290714263916
Central Asia,0,,,0,,,,,0,,,,,0,,,,,0,,,,,0,,,,,0,,,,,60410377,60410377,0.61231529712677,0.9327085018157959,,,60410377,60410377,0.6004430055618286,0.9423571825027466,,,60409988,60409988,-2.322066307067871,1.6202483177185059,0.00054155826,0.23930332133041737,60409497,60409497,0.0,0.0,,,60409988,60409988,0.805082380771637,0.9719410538673401,,,60409988,60409988,0.8094378709793091,0.9731237888336182,,,60409988,60409988,-0.4352301359176636,0.13914966583251953,,,0,60397483,,,,,0,60397483,,,12.953771591186523,35.98278050963366,47895892,60409988,0.00817064568400383,31.63151741027832,13.097757339477539,35.84429719774855,47895892,60409988,0.00884571485221386,33.455230712890625,47.375511169433594,588.9106012615988,51786440,60409988,0.0,60.12968444824219,47.422142028808594,587.5477179758454,51786440,60409988,0.0,69.2126235961914,2342.6337890625,49994.11148603049,781080,785319,0.0,599.1949462890625,,,785319,785319,0.0,626.0126953125,-370.03466796875,29210.128832079798,781080,785319,0.0,0.0,0.049294066,0.5620225112381028,60409497,60409497,0.0,0.016041893512010574,0.049835626,0.5682483090110787,60409497,60409497,0.0,0.007776858750730753
Eastern Africa,30506,2.2499532854883144,0.5954821332481346,30506,1.4427702151807358,3.411233375089,2.2502723935621263,0.594295704319292,30506,1.4491787562600196,3.382166668139048,0.2892978096776315,0.1901746101422156,30506,0.0,0.5729950451739594,0.2889787016038192,0.1912093278085953,30506,0.0,0.5763463505445419,0.0003191080738127,0.045941718414007,30506,0.0,0.0,-0.0003191080738127,0.045941718414007,30506,0.0,0.0,,,75382038,75382038,0.7294280529022217,0.9472479224205017,,,75382038,75382038,0.7277565002441406,0.9489617943763733,,,75381778,75381778,-3.0524206161499023,2.9329583644866943,,,75381037,75381037,0.0,0.0,,,75381778,75381778,0.8442120552062988,0.9887831211090088,,,75381778,75381778,0.8444903492927551,0.9888262748718262,,,75381778,75381778,-3.7986302375793457,1.74822998046875,1.1929939985275269,0.8054220568154523,134141,75381195,0.09112019091844559,2.6967015266418457,1.1909619569778442,0.8054648421661537,134877,75381195,0.0883479118347168,2.705427646636963,10.098990440368652,11.968752499792387,69608665,75381778,1.8149546384811401,28.484251022338867,10.24440860748291,12.379606814203543,69573911,75381778,1.8962763547897339,31.55997657775879,83.60882568359375,748.4460135471062,70976063,75381778,0.0005758909974247217,231.5456085205078,82.1761703491211,740.3226489242504,70935359,75381778,0.00046814035158604383,226.8137664794922,20458.236328125,213611.61671870385,1385707,1406907,0.0,31027.828125,,,1406907,1406907,0.0,23305.951171875,-2385.5048828125,111586.74235226568,1385707,1406907,0.0,0.0,0.018571258,0.2646745679189151,75238367,75381037,0.0,0.035921622067689896,0.019899549,0.29190809631796233,75238253,75381037,0.0,0.03189573436975479
Eastern Asia,58846,2.441777116367486,0.605880141629275,58846,1.585174037319831,3.556702166688497,2.448374936319649,0.6110856952788187,58846,1.585174037319831,3.556702166688497,0.2652665592812083,0.1841767433633921,58846,0.0,0.5300542492421143,0.2586687393290368,0.1859923173540731,58846,0.0,0.5300542492421143,0.0065978199521702,0.0855033440919788,58846,-0.0074835173587813,0.0613795145782183,-0.0065978199521702,0.0855033440919788,58846,-0.0613795145782183,0.0074835173587813,,,155856336,155856336,0.5673820376396179,0.929137647151947,,,155856336,155856336,0.5504905581474304,0.9336140155792236,,,155855801,155855801,-1.2176289558410645,8.7427978515625,,,155854735,155854735,0.0,0.0,,,155855801,155855801,0.7791342735290527,0.9812427759170532,,,155855801,155855801,0.7812503576278687,0.9804374575614929,,,155855801,155855801,-5.491876602172852,3.766634941101074,1.7763066291809082,1.1686993066724338,229758,155842036,0.019067101180553436,3.586036205291748,1.7790982723236084,1.1761474948562154,213403,155842036,0.018912453204393387,3.628835916519165,60.56877517700195,127.00613176683353,124537023,155855801,0.012211354449391365,342.9320068359375,62.04318618774414,129.5566525214822,124537023,155855801,0.015510191209614277,360.6064758300781,115.94994354248047,818.96619838025,122173277,155855801,0.0,389.21783447265625,118.51372528076172,827.9227863767769,122173277,155855801,0.0,364.05792236328125,53096.10546875,642514.7006511089,2015365,2027899,0.0,33856.5,,,2027899,2027899,0.0,14621.6787109375,-10468.3779296875,411577.0996365751,2015365,2027899,0.0,0.0,0.7457433,4.133775331274226,155606762,155854735,0.0,2.905148983001709,0.81557137,4.55328031175744,155607719,155854735,0.0,2.7008144855499268
Eastern Europe,143720,2.8179727920618736,0.7241944181799519,143720,1.762145844320386,4.161095456614455,2.8155391938838386,0.7233086340786361,143720,1.7680104304872255,4.161095456614455,0.2269914355140965,0.2059565850337462,143720,0.0,0.5522919477363266,0.2294250336921341,0.2068114292200859,143720,0.0,0.5534406798476432,-0.0024335981780373,0.0419150371175704,143720,0.0,0.0,0.0024335981780373,0.0419150371175704,143720,0.0,0.0,,,174781344,174781344,0.6869117021560669,0.9526849985122681,,,174781344,174781344,0.7212737798690796,0.9560466408729553,,,174782161,174782161,-0.19289112091064453,0.31331729888916016,,,408001089,408001089,0.0,0.0,,,174782161,174782161,0.8593469858169556,0.9931135177612305,,,174782161,174782161,0.8578221797943115,0.9929105043411255,,,174782161,174782161,-0.09411418437957764,0.06962227821350098,1.115740180015564,1.0587260112383807,1195803,407650966,0.017078589648008347,3.118391752243042,1.0949360132217407,1.0465921599356374,1206242,407650966,0.016297632828354836,3.0422868728637695,11.911480903625488,24.0021956031057,150216463,174782161,1.2987515926361084,47.86566162109375,11.838813781738281,23.877577000395945,150216463,174782161,1.2601083517074585,44.20888137817383,5.763281345367432,80.49383847275664,156698914,174782161,0.0,11.251845359802246,6.046757698059082,82.6191925069616,156698914,174782161,0.0,11.366378784179688,13586.833984375,225122.42938202593,4823117,4852780,0.0,2405.0146484375,,,4852780,4852780,0.0,2802.849365234375,77.71263885498047,103298.26208257265,4823117,4852780,0.0,0.0,0.10522024,0.8619683166380706,406189200,408001089,0.0,0.023012451827526093,0.10923154,0.8703879837859623,406189275,408001089,0.0,0.038288455456495285
Melanesia,36577,2.467155487588065,0.5628799549564436,36577,1.7225554709126916,3.5240608284646986,2.4664881995320926,0.562765492354665,36577,1.7225554709126916,3.5240608284646986,0.4453127741735869,0.1634566335787194,36577,0.0,0.703546517936434,0.445980062229551,0.1627580929319078,36577,0.0,0.703546517936434,-0.0006672880559617,0.0154161097965484,36577,0.0,0.0,0.0006672880559617,0.0154161097965484,36577,0.0,0.0,,,5892009,5892009,0.8682064414024353,0.9620596766471863,,,5892009,5892009,0.861221969127655,0.9634871482849121,,,5899015,5899015,0.0,0.25927734375,,,5899037,5899037,0.0,0.0,,,5899015,5899015,0.9254132509231567,0.993573009967804,,,5899015,5899015,0.9124295115470886,0.9936072826385498,,,5899015,5899015,-1.0321037769317627,4.239099979400635,1.440516710281372,0.924975362072863,294755,5899062,0.2638457715511322,3.140530586242676,1.452772617340088,0.9288047300443858,304203,5899062,0.30988413095474243,3.169268846511841,4.202836513519287,2.827267757074314,4560978,5899015,1.4446624517440796,7.811497688293457,4.35283899307251,3.154493880821604,4560978,5899015,1.4463400840759277,8.18420124053955,152.28195190429688,2057.3334910479166,4571347,5899015,0.0005066486191935837,63.72671127319336,208.37716674804688,2648.2653908316674,4571347,5899015,0.0006254544132389128,81.63601684570312,622.66357421875,8695.345251156434,116534,131096,0.0,507.8664855957031,,,131096,131096,0.0,460.1587829589844,-98.43333435058594,3490.213873668506,116534,131096,0.0,0.0,0.039483286,0.1577518717484274,5732683,5899037,0.0,0.3393653929233551,0.0424574,0.17405956596278277,5732652,5899037,0.0,0.34101855754852295
Micronesia,4672,2.5410081054372187,0.6307538613758111,4672,1.7225554709126916,3.760492153389457,2.5409955522470336,0.6307550714316497,4672,1.7225554709126916,3.760492153389457,0.4148654143921779,0.1288048718878409,4672,0.2509607785505798,0.632637820763621,0.4148779675823633,0.1288154984139602,4672,0.2509607785505798,0.632637820763621,-1.255319018526404e-05,0.0003548730977447,4672,0.0,0.0,1.255319018526404e-05,0.0003548730977447,4672,0.0,0.0,,,51699,51699,,,,,51699,51699,,,,,51707,51707,,,,,51718,51718,0.0,0.0,,,51707,51707,,,,,51707,51707,,,,,51707,51707,,,2.793569803237915,2.349889494361791,11399,51712,0.022864803671836853,7.508419036865234,2.797400951385498,2.351718606303123,11369,51712,0.02157064713537693,7.521552085876465,,,0,51707,,,,,0,51707,,,,,0,51707,,,,,0,51707,,,16764.85546875,44467.87277025031,330,916,0.0,154826.53125,,,916,916,0.0,154826.53125,-8.028816223144531,93.66841558655551,330,916,0.0,0.0,0.0,0.0,26,51718,0.0,0.0,0.0,0.0,26,51718,0.0,0.0
Middle Africa,9218,2.633312416710805,0.7528856098346562,9218,1.5746101062584457,3.926917565501697,2.6321533405293462,0.7465768102714498,9218,1.5928061283612516,3.926917565501697,0.2631957450139158,0.1837653434202253,9218,0.0,0.5002238866471962,0.2643548211953853,0.1829878229561544,9218,0.0,0.5002238866471962,-0.0011590761814697,0.0675718627593417,9218,0.0,0.0,0.0011590761814697,0.0675718627593417,9218,0.0,0.0,,,70171896,70171896,0.7719902992248535,0.9501484632492065,,,70171896,70171896,0.76997309923172,0.9502952098846436,,,70171457,70171457,-0.5204988718032837,0.7402405738830566,,,70170614,70170614,0.0,0.0,,,70171457,70171457,0.9073010683059692,0.9928469061851501,,,70171457,70171457,0.9033867716789246,0.9927904605865479,,,70171457,70171457,-0.20306873321533203,0.2827798128128052,1.9122812747955322,1.0260036067287959,56475,70169443,0.23605655133724213,3.584542751312256,1.9869334697723389,1.003646219911831,54602,70169443,0.2860582172870636,3.6678202152252197,7.024545192718506,6.2339166274807285,60435200,70171457,2.336794376373291,19.738882064819336,7.0961432456970215,6.307585958206093,60435200,70171457,2.4419748783111572,19.52728271484375,19.508499145507812,385.7021647711031,62099830,70171457,0.0004410122928675264,20.897445678710938,22.09554100036621,442.7318707676213,62099830,70171457,0.0006331760087050498,24.886518478393555,7095.05908203125,156242.97578914286,1022522,1025292,0.0,8931.1220703125,,,1025292,1025292,0.0,9488.01953125,-860.4013061523438,103552.78738509779,1022522,1025292,0.0,0.0,0.004169751,0.06973348606592589,70125581,70170614,0.0,1.3192408232498565e-06,0.0046577514,0.07225993624738375,70125584,70170614,0.0,0.0
Northern Africa,20981,2.361981092033723,0.6121916224341204,20981,1.511209390509403,3.4652605380545918,2.367226553716602,0.6147199904130799,20981,1.511209390509403,3.4652605380545918,0.1434627947021359,0.1688796263758207,20981,0.0,0.4437012741206203,0.1382173330192581,0.1665944360515979,20981,0.0,0.4388497483090163,0.0052454616828774,0.0520288141618047,20981,0.0,0.0,-0.0052454616828774,0.0520288141618047,20981,0.0,0.0,,,88950639,88950639,0.5918219089508057,0.9256985783576965,,,88950639,88950639,0.5927201509475708,0.9379314184188843,,,88950658,88950658,-0.7730388641357422,4.810184478759766,,,88949840,88949840,0.0,0.0,,,88950658,88950658,0.7653747797012329,0.9721421003341675,,,88950658,88950658,0.7648173570632935,0.9726831316947937,,,88950658,88950658,-1.0935173034667969,0.9120609164237976,1.4758425951004028,1.1020411660707956,36495,88947376,0.015249746851623058,3.282810688018799,1.5135712623596191,1.103377980684495,36134,88947376,0.018698375672101974,3.2980329990386963,15.60368537902832,47.2125843200707,19457361,88950658,0.00560724874958396,45.05402755737305,17.319679260253906,51.83104820307563,19457361,88950658,0.00783624779433012,51.421756744384766,36.46892166137695,223.10491139619512,19640965,88950658,0.0,154.8022003173828,36.3326301574707,220.69851798218025,19640965,88950658,0.0,158.65858459472656,8929.67578125,233966.3395578359,1097758,1101258,0.0,1072.6121826171875,,,1101258,1101258,0.0,966.1925048828125,-2039.405517578125,191970.02971756883,1097758,1101258,0.0,0.0,0.1056664,2.0342443152091483,88873984,88949840,0.0,0.0,0.12506947,2.2432330886928096,88873940,88949840,0.0,0.0
Northern America,391834,2.6423275767721592,0.669743541088787,391834,1.7225554709126916,3.949885128725749,2.6429616531035443,0.6694858740929921,391834,1.7225554709126916,3.949885128725749,0.1946057518615272,0.1868901253604972,391834,0.0,0.5074517862122936,0.1939726582969109,0.186697780532216,391834,0.0,0.5057539094101138,0.0006340763314051,0.0296639361843832,391834,0.0,0.0,-0.0006330935646161,0.029657577615702,391834,0.0,0.0,,,218051482,218051482,0.7289856672286987,0.9499627947807312,,,218051482,218051482,0.7222315073013306,0.9523202180862427,,,218051517,218051517,-0.001178741455078125,0.16014230251312256,,,453983517,453983517,0.0,0.0,,,218051517,218051517,0.8766360282897949,0.9934903383255005,,,218051517,218051517,0.8754529356956482,0.9934881329536438,,,218051517,218051517,-0.04140806198120117,0.08545137941837311,1.2847493886947632,1.1551879600328676,2573079,437488488,0.05559287965297699,3.32973051071167,1.27925443649292,1.1546553078920043,2545637,437488488,0.05559287965297699,3.3153910636901855,18.49195671081543,44.93383452341139,187078962,218051517,0.006193292327225208,105.13358306884766,18.6529598236084,45.145353312563415,187078962,218051517,0.004033986944705248,102.03699493408203,11.93241024017334,219.28051358689356,190850014,218051517,0.0,13.660273551940918,12.374082565307617,221.81659440435143,190850014,218051517,0.0,13.40770149230957,48838.26953125,396105.659041797,5215210,5326088,0.0,94816.4609375,,,5326088,5326088,0.0,83126.5078125,-5065.97412109375,166176.84061331348,5215210,5326088,0.0,0.0,0.08817962,3.028423980108675,449247391,453983517,0.0,0.005784694571048021,0.093271025,3.219128466494915,449247406,453983517,0.0,0.0
Northern Europe,99899,2.4074708504921865,0.5981441439676357,99899,1.6326455343500046,3.5961619452153477,2.4080778372049654,0.5974788685676661,99899,1.636519702360157,3.596021848270553,0.2815570196126095,0.1631515486325336,99899,0.0,0.5057539094101138,0.2809500328998549,0.1639994247519502,99899,0.0,0.5057539094101138,0.0006069867127567,0.0392633650449811,99899,0.0,0.0,-0.0006069867127567,0.0392633650449811,99899,0.0,0.0,,,13894449,13894449,0.6559386849403381,0.9436396956443787,,,13894449,13894449,0.647221565246582,0.952497661113739,,,13894427,13894427,-0.896350622177124,4.974864482879639,,,42494653,42494653,0.0,0.0,,,13894427,13894427,0.8594014048576355,0.9933320879936218,,,13894427,13894427,0.8591268062591553,0.9929699301719666,,,13894427,13894427,-0.09453868865966797,0.1907937228679657,1.3890557289123535,1.0599720678293687,1113051,42493968,0.0497705452144146,3.231107234954834,1.3955044746398926,1.0477778587648163,1119469,42493968,0.020896989852190018,3.2296743392944336,31.491497039794922,60.30302096799022,9130556,13894427,1.4355851411819458,163.8172607421875,32.53868865966797,61.706551150638774,9130556,13894427,1.4175925254821777,169.9580078125,5.0424017906188965,61.90356740357699,9339062,13894427,2.102730650221929e-05,10.942965507507324,5.285046577453613,68.05589645990175,9339062,13894427,0.0,9.550479888916016,167740.03125,743017.4211815995,414646,427462,0.0,728339.0,,,427462,427462,0.0,713681.3125,-8470.150390625,258068.03004287928,414646,427462,0.0,0.0,0.35493416,2.3443115384261937,41843198,42494653,0.0,0.062493208795785904,0.3758662,2.465234278974727,41843251,42494653,0.0,0.06837262213230133
Polynesia,12831,2.611990406134299,0.5973288077658672,12831,1.762145844320386,3.671907963528167,2.611990406134299,0.5973288077658672,12831,1.762145844320386,3.671907963528167,0.4262553133445003,0.1284596619078054,12831,0.2659265793072052,0.632637820763621,0.4262553133445003,0.1284596619078054,12831,0.2659265793072052,0.632637820763621,0.0,0.0,12831,0.0,0.0,0.0,0.0,12831,0.0,0.0,,,111885,111885,,,,,111885,111885,,,,,111903,111903,,,,,111905,111905,0.0,0.0,,,111903,111903,,,,,111903,111903,,,,,111903,111903,,,2.6036269664764404,2.225639075609316,31747,111904,0.015012738294899464,6.742351531982422,2.6036269664764404,2.2256390737306804,31747,111904,0.014227460138499737,6.653135776519775,,,0,111903,,,,,0,111903,,,,,0,111903,,,,,0,111903,,,533.73046875,3089.090259983833,791,1447,0.0,1340.426025390625,,,1447,1447,0.0,1340.426025390625,0.0,0.0,791,1447,0.0,0.0,0.0,0.0,71,111905,0.0,0.0,0.0,0.0,71,111905,0.0,0.0
Seven seas (open ocean),3545,2.8296057857284733,0.6558068607257114,3545,1.981645166396269,4.01690877387597,2.8296057857284733,0.6558068607257114,3545,1.981645166396269,4.01690877387597,0.0619474793995699,0.1445809243113407,3545,0.0,0.4177916788299096,0.0619474793995699,0.1445809243113407,3545,0.0,0.4177916788299096,0.0,0.0,3545,0.0,0.0,0.0,0.0,3545,0.0,0.0,,,215039,215039,,,,,215039,215039,,,,,215043,215043,,,,,222043,222043,0.0,0.0,,,219869,219869,,,,,219869,219869,,,,,219869,219869,,,1.5771236419677734,2.1240919018240945,1812,215040,0.01618090644478798,5.828707218170166,1.5771236419677734,2.1240919018240945,1812,215040,0.015380434691905975,5.636678218841553,,,0,215043,,,,,0,215043,,,,,0,219869,,,,,0,219869,,,0.0,0.0,860,2786,0.0,0.0,,,2786,2786,0.0,0.0,0.0,0.0,860,2786,0.0,0.0,0.0,0.0,137,222043,0.0,0.0,0.0,0.0,137,222043,0.0,0.0
South America,120449,2.412024575191132,0.5720428128755403,120449,1.6435849063289716,3.5056157511551858,2.4125214447419463,0.5736796788787585,120449,1.6435849063289716,3.5240608284646986,0.2880420918122481,0.1613733746125566,120449,0.0,0.5057539094101138,0.2875452222614567,0.1625384579443245,120449,0.0,0.5074517862122936,0.0004968695508007,0.0421382390725384,120449,0.0,0.0,-0.0004968695508007,0.0421382390725384,120449,0.0,0.0,,,199669193,199669193,0.7145997881889343,0.9597112536430359,,,199669193,199669193,0.7194942831993103,0.9612306356430054,,,199668878,199668878,-0.031118154525756836,2.008599281311035,,,199668024,199668024,0.0,0.0,,,199669348,199669348,0.8394232988357544,0.9940397143363953,,,199669348,199669348,0.8403563499450684,0.9938639998435974,,,199669348,199669348,-0.9293003082275391,2.0442357063293457,1.9749075174331665,1.0849216274770244,959086,199666306,0.15627728402614594,3.7608587741851807,1.940972924232483,1.072028967357761,932776,199666306,0.16188684105873108,3.7546191215515137,12.136228561401367,27.17050192529263,184682715,199668878,1.2861407995224,54.79625701904297,12.408946990966797,27.20119507183926,184684577,199668878,1.27210533618927,51.80172348022461,56.3602180480957,549.0505128697911,188346207,199669348,0.0003312757471576333,185.190673828125,55.55197525024414,544.992471992862,188346207,199669348,0.0,152.38487243652344,21443.828125,373858.8804372288,4266304,4297307,0.0,18892.314453125,,,4297307,4297307,0.0,19539.837890625,-1135.5860595703125,154702.48176535184,4266304,4297307,0.0,0.0,0.14462845,1.5697176056662063,198401645,199668024,0.0,0.46025243401527405,0.14510244,1.6011885165074238,198401716,199668024,0.0,0.4184582829475403
South-Eastern Asia,151905,2.3879224775529435,0.5705797366094353,151905,1.6013288855576973,3.462965911403883,2.3878405506204343,0.5703183473206986,151905,1.6013288855576973,3.462965911403883,0.3896645559919836,0.1580359145716846,151905,0.0,0.6409456639211744,0.3897464829245037,0.1580890610285021,151905,0.0,0.6409456639211744,-8.192693252038364e-05,0.0437667600419865,151905,0.0,0.0,8.192693252038364e-05,0.0437667600419865,151905,0.0,0.0,,,48558362,48558362,0.6737864017486572,0.9538532495498657,,,48558362,48558362,0.6789021492004395,0.9627114534378052,,,48558189,48558189,-1.3420181274414062,14.427974700927734,,,48557756,48557756,-0.1655695140361786,0.14438216388225555,,,48558189,48558189,0.839972972869873,0.9917752742767334,,,48558189,48558189,0.8415738344192505,0.9913159608840942,,,48558189,48558189,-11.269041061401367,17.221261978149414,1.5726948976516724,0.9883270399428548,930076,48557524,0.01827312260866165,3.3153913021087646,1.568466305732727,0.9908183592021642,917702,48557524,0.017531422898173332,3.3278074264526367,30.96332550048828,57.16348137534278,41433319,48558189,2.243312120437622,154.86671447753906,32.43940734863281,58.61829213709236,41433319,48558189,2.2856757640838623,157.1147918701172,186.5597686767578,1474.6000690318192,42844334,48558189,0.0,590.41748046875,195.56124877929688,1548.2838168942092,42844334,48558189,0.000708523381035775,660.6766967773438,38699.36328125,447056.21805489564,918951,951988,0.0,17998.056640625,,,951988,951988,0.0,14271.419921875,-539.9100952148438,278801.29593469214,918951,951988,0.0,0.0,0.20692596,0.7248272587828777,48025264,48557756,0.0,1.2140215635299683,0.22244366,0.7702579047047887,48024903,48557756,0.0,1.2987980842590332
Southern Africa,8627,2.493276372740159,0.6112859637264023,8627,1.6161610693097008,3.671907963528167,2.4981051046336185,0.6093951226743646,8627,1.6161610693097008,3.671907963528167,0.2086332965307822,0.1976355359496669,8627,0.0,0.5002238866471962,0.2038045646373214,0.1975914585691009,8627,0.0,0.4991043118916081,0.0048287318934608,0.0368468766167382,8627,0.0,0.0,-0.0048287318934608,0.0368468766167382,8627,0.0,0.0,,,31173604,31173604,0.6976504325866699,0.9215158820152283,,,31173604,31173604,0.7002475261688232,0.9278581738471985,,,31173464,31173464,-0.4273219108581543,1.0067901611328125,,,31173611,31173611,0.0,0.0,,,31173464,31173464,0.8560941219329834,0.9783684611320496,,,31173464,31173464,0.8518311977386475,0.9779440760612488,,,31173464,31173464,-0.3045586943626404,0.8434104919433594,1.215490698814392,0.9935834721992115,32300,31173404,0.05675613507628441,2.959993839263916,1.262963056564331,1.042790705896832,30370,31173404,0.040846578776836395,3.060828924179077,13.032800674438477,26.67026185823334,28510792,31173464,2.7332398891448975,34.2205810546875,13.473020553588867,27.627876937097408,28510792,31173464,2.6218228340148926,37.747459411621094,19.567684173583984,188.27410887451506,29518027,31173464,0.0013467809185385704,66.75640106201172,20.398252487182617,184.7310712328207,29518027,31173464,0.0010025394149124622,59.196815490722656,47578.62109375,548447.3507281198,544949,547213,0.0,30679.369140625,,,547213,547213,0.0,23310.310546875,-9606.9541015625,295972.394779283,544949,547213,0.0,0.0,0.045137238,0.6514792349165268,31145543,31173611,0.0,0.04322412610054016,0.04656503,0.6690247869376864,31145546,31173611,0.0,0.026025740429759026
Southern Asia,33884,2.5822663821548253,0.7045472677867104,33884,1.5510873293707077,3.823424348990904,2.578442621871232,0.7021619922706914,33884,1.551993316203695,3.825957822213747,0.219851585220911,0.2032921259588766,33884,0.0,0.5336507509241031,0.2236753455045231,0.203936022552748,33884,0.0,0.5377131775337118,-0.0038237602836111,0.0784350683603968,33884,0.0,0.0,0.0038237602836111,0.0784350683603968,33884,0.0,0.0,,,79703392,79703392,0.5867297649383545,0.9340905547142029,,,79703392,79703392,0.5386914610862732,0.9465238451957703,,,79703144,79703144,-0.10082817077636719,1.7852778434753418,,,79702576,79702576,0.0,0.0,,,79703144,79703144,0.7545986771583557,0.9765274524688721,,,79703144,79703144,0.7540698051452637,0.9762102365493774,,,79703144,79703144,-2.9291534423828125,1.04510498046875,1.5965282917022705,1.1161245827431006,82134,79701842,0.08804909139871597,3.420855760574341,1.601535439491272,1.1191517667540034,80006,79701842,0.09754400700330734,3.4601199626922607,55.313385009765625,164.04034551272605,63333583,79703144,0.01461589615792036,197.12576293945312,55.82942581176758,164.39683438821362,63333583,79703144,0.015961047261953354,208.79295349121094,105.10460662841797,729.1424973376984,61320740,79703144,0.0,321.3328552246094,102.77298736572266,733.7892924453392,61320740,79703144,0.0,350.612060546875,41518.140625,571493.2520198978,1327391,1355215,0.0,33330.0625,,,1355215,1355215,0.0,24499.28125,-4440.52001953125,308288.3907893214,1327391,1355215,0.0,0.0,0.2584076,1.145980563231269,79571983,79702576,0.0,1.6086593866348267,0.28034905,1.2266268387590522,79571836,79702576,0.0,1.7808351516723633
Southern Europe,40632,2.471758655729674,0.6420936594910571,40632,1.5462466459110875,3.671907963528167,2.4790135259319697,0.6404847633302434,40632,1.5510873293707077,3.671907963528167,0.2341945492998003,0.1810412900725515,40632,0.0,0.5002238866471962,0.2269396790975021,0.1840233369032724,40632,0.0,0.5002238866471962,0.0072548702023008,0.0846037773564428,40632,0.0,0.0147595022596197,-0.0072548702023008,0.0846037773564428,40632,-0.0147595022596208,0.0,,,18494239,18494239,0.5646841526031494,0.9390906691551208,,,18494239,18494239,0.5655890703201294,0.9458414912223816,,,18494015,18494015,-4.1364922523498535,6.4950714111328125,,,18494127,18494127,-0.08077549934387207,0.018208429217338562,,,18494015,18494015,0.783675491809845,0.9806796312332153,,,18494015,18494015,0.7831919193267822,0.9787431359291077,,,18494015,18494015,-8.783714294433594,6.575006484985352,1.5641884803771973,1.1263864489285342,132740,18491876,0.013722320087254047,3.4424054622650146,1.5826727151870728,1.132087270765704,129887,18491876,0.014588180929422379,3.4544079303741455,63.405189514160156,88.59681251404237,16105818,18494015,2.2525622844696045,236.49200439453125,64.35497283935547,90.00983075037301,16105818,18494015,2.316847562789917,247.0854034423828,74.88999938964844,436.0822548904143,16793405,18494015,0.0,317.11126708984375,74.1875991821289,436.94739547192506,16793405,18494015,0.0,292.795166015625,176618.140625,589549.920496859,293078,299746,0.0,883309.6875,,,299746,299746,0.0,861749.1875,-4412.2978515625,238632.7410938232,293078,299746,0.0,0.0,0.8508307,3.0986249774172085,18278540,18494127,0.0,4.2872467041015625,0.87978745,3.1142954663036324,18278808,18494127,0.0,4.686057090759277
Western Africa,19201,2.186579400903478,0.5636446369308272,19201,1.4637953257358558,3.173265645876135,2.1864520720714644,0.5604796723102684,19201,1.4637953257358558,3.1385684721559213,0.2347670243661883,0.1449958649392869,19201,0.0,0.4194009838355645,0.2348943531981897,0.1457563522085174,19201,0.0,0.4220557578411688,-0.0001273288320019,0.0566000277758758,19201,0.0,0.0,0.0001273288320019,0.0566000277758758,19201,0.0,0.0,,,66122182,66122182,0.6799784302711487,0.9432044625282288,,,66122182,66122182,0.6851633191108704,0.9462648034095764,,,66121581,66121581,-4.467105865478516,3.8977603912353516,,,66121103,66121103,0.0,0.00012180897465441376,,,66121581,66121581,0.847007155418396,0.9788583517074585,,,66121581,66121581,0.8449633121490479,0.9800885915756226,,,66121581,66121581,-2.5529465675354004,6.1201629638671875,1.670191764831543,0.8942204172322494,94444,66114442,0.016297632828354836,3.1798129081726074,1.6604869365692139,0.8993764573784855,87763,66114442,0.018099287524819374,3.235358953475952,12.161970138549805,10.798917178590218,40090777,66121581,0.009648356586694717,33.552120208740234,12.322650909423828,11.321441440589346,40090777,66121581,0.02602957747876644,35.57819366455078,29.420080184936523,276.10783135321935,39356446,66121581,0.0013456798624247313,79.82637023925781,30.414093017578125,275.1900174586909,39340193,66121581,0.0019769740756601095,85.22621154785156,28169.23828125,343420.22738820466,651079,689248,0.0,31050.666015625,,,689248,689248,0.0,27497.3125,-3126.3056640625,181844.42256232272,651079,689248,0.0,0.0,0.05884097,0.4696993020084206,66013649,66121103,0.0,0.18908540904521942,0.071544655,0.529356658542058,66013676,66121103,0.0,0.24948421120643616
Western Asia,31424,2.5693750275556506,0.6782703652037465,31424,1.6013288855576973,3.825957822213747,2.578811969453666,0.6853067732296885,31424,1.6013288855576973,3.825957822213747,0.2193830394240899,0.1990094149201339,31424,0.0,0.5181793909671555,0.2099460975260748,0.199765932645639,31424,0.0,0.5164267309559407,0.0094369418980126,0.0847662099280523,31424,0.0,0.0046599849478212,-0.0094369418980126,0.0847662099280523,31424,-0.0046599849478212,0.0,,,54537087,54537087,0.5207487344741821,0.9208146929740906,,,54537087,54537087,0.34866100549697876,0.9274207353591919,,,54536791,54536791,-1.4912209510803223,4.8647613525390625,,,54536336,54536336,0.0,0.0,,,54536791,54536791,0.7316449880599976,0.9672221541404724,,,54536791,54536791,0.7291890978813171,0.9655086994171143,,,54536791,54536791,-6.137001037597656,2.0459561347961426,1.7219865322113037,1.0675077994537305,79904,54535521,0.012917766347527504,3.413459539413452,1.6927858591079712,1.0638869074126582,73652,54535521,0.01349335815757513,3.424889326095581,65.26068878173828,157.60575777765746,20712791,54536791,0.015983594581484795,277.6726989746094,66.07808685302734,158.27549478526106,20712791,54536791,0.01569047011435032,267.7441711425781,113.44812774658203,530.7064950675546,21563971,54536791,0.0,527.9851684570312,111.83453369140625,528.4470593398279,21563971,54536791,0.0,478.4513244628906,16796.451171875,264262.41003885865,989102,995813,0.0,5829.0439453125,,,995813,995813,0.0,6513.02099609375,-1230.032958984375,116662.7114130785,989102,995813,0.0,0.0,0.22996682,1.5201392600308135,54441489,54536336,0.0,0.8701589107513428,0.2534699,1.6953325180323369,54441558,54536336,0.0,1.240338921546936
Western Europe,17238,2.366497022598101,0.5816092756795584,17238,1.5883064936987668,3.4652605380545918,2.3694724314219857,0.5836328545198484,17238,1.5602227092026837,3.475077454834912,0.278602198908842,0.1754679360451648,17238,0.0,0.5478492035010429,0.275626790084961,0.1764614777197806,17238,0.0,0.5459410392280613,0.0029754088238809,0.0503969055898531,17238,0.0,0.0,-0.0029754088238809,0.0503969055898531,17238,0.0,0.0,,,18423706,18423706,0.6351702213287354,0.946225106716156,,,18423706,18423706,0.6455526947975159,0.9491174817085266,,,18423537,18423537,-5.797146320343018,3.135064125061035,,,18423254,18423254,0.0,0.006861209869384766,,,18423537,18423537,0.827968955039978,0.9897684454917908,,,18423537,18423537,0.827710747718811,0.99009108543396,,,18423537,18423537,-0.7676582336425781,1.0153203010559082,1.2729814052581787,1.001121393663972,92265,18418461,0.09269320964813232,3.1339385509490967,1.2452669143676758,0.9952825090780176,87188,18418461,0.10575080662965775,3.079256534576416,77.71403503417969,107.84806639554945,17017872,18423537,1.749534010887146,313.6876525878906,75.3346176147461,106.75535617789537,17017872,18423537,1.7188735008239746,305.482177734375,27.109867095947266,274.5818497556389,17635665,18423537,5.2191182476235554e-05,51.993568420410156,29.585588455200195,293.25468198117363,17635665,18423537,5.294881702866405e-05,57.86056137084961,429978.40625,996007.7403224251,247500,249592,0.0,1913873.0,,,249592,249592,0.0,1999651.0,4365.19091796875,378465.2829862228,247500,249592,0.0,0.0,1.0135804,4.817995258182818,18284934,18423254,0.0,4.623098850250244,1.0726632,4.954038460816041,18285016,18423254,0.0,5.6144514083862305
