id,line,section,value,sentence
1,37,"5-Service Redesign Draft — IN PROGRESS, not for circulation",2026,"author as visible body text the way html does (confirmed 2026-09-02) -- without this, the"
2,37,"5-Service Redesign Draft — IN PROGRESS, not for circulation",09,"author as visible body text the way html does (confirmed 2026-09-02) -- without this, the"
3,37,"5-Service Redesign Draft — IN PROGRESS, not for circulation",02,"author as visible body text the way html does (confirmed 2026-09-02) -- without this, the"
4,69,Abstract,1.30 million,"We analyze regional trajectories and localized changes for five biophysical service variables — nitrogen export, sediment export, coastal risk, pollination, and nature access — across 1.30 million 100 km² equal-area grid cells worldwide between 1992 and 2020."
5,69,Abstract,100,"We analyze regional trajectories and localized changes for five biophysical service variables — nitrogen export, sediment export, coastal risk, pollination, and nature access — across 1.30 million 100 km² equal-area grid cells worldwide between 1992 and 2020."
6,69,Abstract,"189,932","Combining InVEST (Integrated Valuation of Ecosystem Services and Tradeoffs) biophysical models, European Space Agency Climate Change Initiative (ESA CCI) land cover records, and gridded socioeconomic covariates, we identify 189,932 grid cells experiencing at least one extreme ecosystem service decline hotspot (defined as the most intense 5% of grid cells by rank for relative change, calculated via"
7,69,Abstract,5%,"Combining InVEST (Integrated Valuation of Ecosystem Services and Tradeoffs) biophysical models, European Space Agency Climate Change Initiative (ESA CCI) land cover records, and gridded socioeconomic covariates, we identify 189,932 grid cells experiencing at least one extreme ecosystem service decline hotspot (defined as the most intense 5% of grid cells by rank for relative change, calculated via"
8,71,Abstract,3.4%,"Our analysis reveals both an overall average trend in ecosystem service provision and the spatial pattern behind it: on average, nitrogen and sediment export rose over the study period (by 3.4% and 1.3%), while access to nature fell (by 8.9%, and in every biome and region, most steeply in Flooded Grasslands & Savannas and in the Middle East & North Africa); coastal risk and pollination show more c"
9,71,Abstract,1.3%,"Our analysis reveals both an overall average trend in ecosystem service provision and the spatial pattern behind it: on average, nitrogen and sediment export rose over the study period (by 3.4% and 1.3%), while access to nature fell (by 8.9%, and in every biome and region, most steeply in Flooded Grasslands & Savannas and in the Middle East & North Africa); coastal risk and pollination show more c"
10,71,Abstract,8.9%,"Our analysis reveals both an overall average trend in ecosystem service provision and the spatial pattern behind it: on average, nitrogen and sediment export rose over the study period (by 3.4% and 1.3%), while access to nature fell (by 8.9%, and in every biome and region, most steeply in Flooded Grasslands & Savannas and in the Middle East & North Africa); coastal risk and pollination show more c"
11,71,Abstract,1.8,"Multi-service hotspots cluster geographically, predominantly within the Latin America & Caribbean and East Asia & Pacific regions, and are disproportionately frequent in lower-middle-income countries: relative to land area, about 1.8 times as frequent as in high-income OECD countries."
12,71,Abstract,14.6%,"Second, our analysis reveals a ""multiplier effect"" in human exposure: hotspots occupy 14.6% of the evaluated land area, yet through downstream and travel-access dependencies they affect over 7.6 billion connected beneficiaries (96.7% of the evaluated global population)."
13,71,Abstract,7.6 billion,"Second, our analysis reveals a ""multiplier effect"" in human exposure: hotspots occupy 14.6% of the evaluated land area, yet through downstream and travel-access dependencies they affect over 7.6 billion connected beneficiaries (96.7% of the evaluated global population)."
14,71,Abstract,96.7%,"Second, our analysis reveals a ""multiplier effect"" in human exposure: hotspots occupy 14.6% of the evaluated land area, yet through downstream and travel-access dependencies they affect over 7.6 billion connected beneficiaries (96.7% of the evaluated global population)."
15,94,Introduction,1,1.
16,95,Introduction,2,2.
17,96,Introduction,3,3.
18,97,Introduction,4,4.
19,97,Introduction,300,"**WHY are ecosystem services declining** — What proportion of Ecosystem service decline co-occurs with with satellite-detected land cover conversion, and what other mechanisms might explain the remaining cells where no such transition is detectable at 300m resolution?"
20,103,Results,1.30 million,"Using an integrated pipeline combining InVEST biophysical models, ESA CCI land-cover records, and gridded socioeconomic covariates across 1.30 million 10-km grid cells worldwide (Materials and Methods) [ do we need to add sources / references here for the data and methods?], we characterize the overall trajectory of change per service and where it concentrates (WHAT/WHERE), then profile the socioe"
21,103,Results,10,"Using an integrated pipeline combining InVEST biophysical models, ESA CCI land-cover records, and gridded socioeconomic covariates across 1.30 million 10-km grid cells worldwide (Materials and Methods) [ do we need to add sources / references here for the data and methods?], we characterize the overall trajectory of change per service and where it concentrates (WHAT/WHERE), then profile the socioe"
22,106,Global and Regional Trajectories,28,"Concurrently, evaluating percentage changes across intermediate or arid biomes reveals widespread, low-magnitude landscape transitions that point to a generalized destabilization of global landscape regulation functions over the 28-year window."
23,108,Global and Regional Trajectories,3.4%,"Aggregated across all evaluated pixels, the five services changed in different directions and at different magnitudes between 1992 and 2020: nitrogen export rose 3.4% and sediment export 1.3%, nature access fell 8.9%, pollination rose 6.8%, and coastal risk changed by less than 0.1%."
24,108,Global and Regional Trajectories,1.3%,"Aggregated across all evaluated pixels, the five services changed in different directions and at different magnitudes between 1992 and 2020: nitrogen export rose 3.4% and sediment export 1.3%, nature access fell 8.9%, pollination rose 6.8%, and coastal risk changed by less than 0.1%."
25,108,Global and Regional Trajectories,8.9%,"Aggregated across all evaluated pixels, the five services changed in different directions and at different magnitudes between 1992 and 2020: nitrogen export rose 3.4% and sediment export 1.3%, nature access fell 8.9%, pollination rose 6.8%, and coastal risk changed by less than 0.1%."
26,108,Global and Regional Trajectories,6.8%,"Aggregated across all evaluated pixels, the five services changed in different directions and at different magnitudes between 1992 and 2020: nitrogen export rose 3.4% and sediment export 1.3%, nature access fell 8.9%, pollination rose 6.8%, and coastal risk changed by less than 0.1%."
27,108,Global and Regional Trajectories,0.1%,"Aggregated across all evaluated pixels, the five services changed in different directions and at different magnitudes between 1992 and 2020: nitrogen export rose 3.4% and sediment export 1.3%, nature access fell 8.9%, pollination rose 6.8%, and coastal risk changed by less than 0.1%."
28,110,Global and Regional Trajectories,5.7%,Tropical & Subtropical Coniferous Forests (+5.7%) and Tropical & Subtropical Moist Broadleaf Forests (+4.0%) have both the largest relative increases and the largest absolute increases per unit area.
29,110,Global and Regional Trajectories,4.0%,Tropical & Subtropical Coniferous Forests (+5.7%) and Tropical & Subtropical Moist Broadleaf Forests (+4.0%) have both the largest relative increases and the largest absolute increases per unit area.
30,110,Global and Regional Trajectories,10.3%,"Sediment export rose most in relative terms in Boreal Forests/Taiga (+10.3%), a biome with a low baseline, while the largest absolute increase per unit area occurred in Tropical & Subtropical Moist Broadleaf Forests, with a smaller relative increase (+4.9%)."
31,110,Global and Regional Trajectories,4.9%,"Sediment export rose most in relative terms in Boreal Forests/Taiga (+10.3%), a biome with a low baseline, while the largest absolute increase per unit area occurred in Tropical & Subtropical Moist Broadleaf Forests, with a smaller relative increase (+4.9%)."
32,110,Global and Regional Trajectories,−48.6%,"Nature access fell in every biome, most steeply in relative terms in Flooded Grasslands & Savannas (−48.6%), Deserts & Xeric Shrublands (−23.6%) and Montane Grasslands & Shrublands (−22.5%), while the largest absolute losses per unit area occurred in Mangroves and Temperate Broadleaf & Mixed Forests, where a smaller share of a much larger baseline was lost (−17.6% and −7.0%)."
33,110,Global and Regional Trajectories,−23.6%,"Nature access fell in every biome, most steeply in relative terms in Flooded Grasslands & Savannas (−48.6%), Deserts & Xeric Shrublands (−23.6%) and Montane Grasslands & Shrublands (−22.5%), while the largest absolute losses per unit area occurred in Mangroves and Temperate Broadleaf & Mixed Forests, where a smaller share of a much larger baseline was lost (−17.6% and −7.0%)."
34,110,Global and Regional Trajectories,−22.5%,"Nature access fell in every biome, most steeply in relative terms in Flooded Grasslands & Savannas (−48.6%), Deserts & Xeric Shrublands (−23.6%) and Montane Grasslands & Shrublands (−22.5%), while the largest absolute losses per unit area occurred in Mangroves and Temperate Broadleaf & Mixed Forests, where a smaller share of a much larger baseline was lost (−17.6% and −7.0%)."
35,110,Global and Regional Trajectories,−17.6%,"Nature access fell in every biome, most steeply in relative terms in Flooded Grasslands & Savannas (−48.6%), Deserts & Xeric Shrublands (−23.6%) and Montane Grasslands & Shrublands (−22.5%), while the largest absolute losses per unit area occurred in Mangroves and Temperate Broadleaf & Mixed Forests, where a smaller share of a much larger baseline was lost (−17.6% and −7.0%)."
36,110,Global and Regional Trajectories,−7.0%,"Nature access fell in every biome, most steeply in relative terms in Flooded Grasslands & Savannas (−48.6%), Deserts & Xeric Shrublands (−23.6%) and Montane Grasslands & Shrublands (−22.5%), while the largest absolute losses per unit area occurred in Mangroves and Temperate Broadleaf & Mixed Forests, where a smaller share of a much larger baseline was lost (−17.6% and −7.0%)."
37,110,Global and Regional Trajectories,31.0%,"Flooded Grasslands & Savannas is also the biome with the largest pollination gain on both measures (+31.0%): the steepest loss of proximity to natural habitat coincides with the largest modeled gain in pollinator habitat suitability, a combination that shows how differently the two services respond to the same land-cover transitions."
38,112,Global and Regional Trajectories,5.8%,"Nitrogen export rose most in relative terms in the Middle East & North Africa (+5.8%), while the largest absolute increase per unit area occurred in East Asia & Pacific, with a smaller relative increase (+2.6%); it was essentially flat in Europe & Central Asia and South Asia (−0.1% each)."
39,112,Global and Regional Trajectories,2.6%,"Nitrogen export rose most in relative terms in the Middle East & North Africa (+5.8%), while the largest absolute increase per unit area occurred in East Asia & Pacific, with a smaller relative increase (+2.6%); it was essentially flat in Europe & Central Asia and South Asia (−0.1% each)."
40,112,Global and Regional Trajectories,−0.1%,"Nitrogen export rose most in relative terms in the Middle East & North Africa (+5.8%), while the largest absolute increase per unit area occurred in East Asia & Pacific, with a smaller relative increase (+2.6%); it was essentially flat in Europe & Central Asia and South Asia (−0.1% each)."
41,112,Global and Regional Trajectories,3.9%,Sediment export rose most in East Asia & Pacific on both measures (+3.9%) and fell in South Asia (−3.0%) and Latin America & Caribbean (−1.4%).
42,112,Global and Regional Trajectories,−3.0%,Sediment export rose most in East Asia & Pacific on both measures (+3.9%) and fell in South Asia (−3.0%) and Latin America & Caribbean (−1.4%).
43,112,Global and Regional Trajectories,−1.4%,Sediment export rose most in East Asia & Pacific on both measures (+3.9%) and fell in South Asia (−3.0%) and Latin America & Caribbean (−1.4%).
44,112,Global and Regional Trajectories,−20.2%,"Nature access declined in every region, most in relative terms in the Middle East & North Africa (−20.2%), East Asia & Pacific (−16.3%) and Sub-Saharan Africa (−16.2%), while the largest absolute loss per unit area occurred in North America, with a smaller relative loss (−10.6%)."
45,112,Global and Regional Trajectories,−16.3%,"Nature access declined in every region, most in relative terms in the Middle East & North Africa (−20.2%), East Asia & Pacific (−16.3%) and Sub-Saharan Africa (−16.2%), while the largest absolute loss per unit area occurred in North America, with a smaller relative loss (−10.6%)."
46,112,Global and Regional Trajectories,−16.2%,"Nature access declined in every region, most in relative terms in the Middle East & North Africa (−20.2%), East Asia & Pacific (−16.3%) and Sub-Saharan Africa (−16.2%), while the largest absolute loss per unit area occurred in North America, with a smaller relative loss (−10.6%)."
47,112,Global and Regional Trajectories,−10.6%,"Nature access declined in every region, most in relative terms in the Middle East & North Africa (−20.2%), East Asia & Pacific (−16.3%) and Sub-Saharan Africa (−16.2%), while the largest absolute loss per unit area occurred in North America, with a smaller relative loss (−10.6%)."
48,112,Global and Regional Trajectories,20.0%,"Pollination rose in every region, most in the Middle East & North Africa on both measures (+20.0%)."
49,112,Global and Regional Trajectories,5.9%,"Across income groups, the two measures point to different groups for most services: sediment export rose most in relative terms in high-income OECD countries (+5.9%) but most in absolute terms in lower-middle-income countries (relative change +2.2%), and nature access fell most in relative terms in upper-middle-income countries (−15.8%) but most in absolute terms in high-income OECD countries (rel"
50,112,Global and Regional Trajectories,2.2%,"Across income groups, the two measures point to different groups for most services: sediment export rose most in relative terms in high-income OECD countries (+5.9%) but most in absolute terms in lower-middle-income countries (relative change +2.2%), and nature access fell most in relative terms in upper-middle-income countries (−15.8%) but most in absolute terms in high-income OECD countries (rel"
51,112,Global and Regional Trajectories,−15.8%,"Across income groups, the two measures point to different groups for most services: sediment export rose most in relative terms in high-income OECD countries (+5.9%) but most in absolute terms in lower-middle-income countries (relative change +2.2%), and nature access fell most in relative terms in upper-middle-income countries (−15.8%) but most in absolute terms in high-income OECD countries (rel"
52,112,Global and Regional Trajectories,−5.7%,"Across income groups, the two measures point to different groups for most services: sediment export rose most in relative terms in high-income OECD countries (+5.9%) but most in absolute terms in lower-middle-income countries (relative change +2.2%), and nature access fell most in relative terms in upper-middle-income countries (−15.8%) but most in absolute terms in high-income OECD countries (rel"
53,147,Global Pattern of Change,10,"The maps below show change at the 10km grid, for four of the five services."
54,151,Global Pattern of Change,10,"![Global pattern of ecosystem service change, 1992–2020 — absolute change per 10km cell, native units, for four of the five services."
55,153,Global Pattern of Change,10,"![Global pattern of ecosystem service change, 1992–2020 — percentage change (SPC) per 10km cell, for the same four services."
56,158,Global Hotspot Distribution,"189,932","At the grid scale, we identified 189,932 unique cells experiencing at least one ecosystem service hotspot (14.6% of evaluated cells)."
57,158,Global Hotspot Distribution,14.6%,"At the grid scale, we identified 189,932 unique cells experiencing at least one ecosystem service hotspot (14.6% of evaluated cells)."
58,158,Global Hotspot Distribution,15,"When evaluated across ecological contexts, Mangroves stand out as the most severely impacted biome (@fig-hotspot-intensity-biome): coastal risk hotspots occupy over 15 times more area than Mangroves' share of global land would account for (relative prevalence, C_Risk: 15.25×), while terrestrial services occupy roughly double what their land share would account for (Pollination: 2.21×;"
59,158,Global Hotspot Distribution,15.25×,"When evaluated across ecological contexts, Mangroves stand out as the most severely impacted biome (@fig-hotspot-intensity-biome): coastal risk hotspots occupy over 15 times more area than Mangroves' share of global land would account for (relative prevalence, C_Risk: 15.25×), while terrestrial services occupy roughly double what their land share would account for (Pollination: 2.21×;"
60,158,Global Hotspot Distribution,2.21×,"When evaluated across ecological contexts, Mangroves stand out as the most severely impacted biome (@fig-hotspot-intensity-biome): coastal risk hotspots occupy over 15 times more area than Mangroves' share of global land would account for (relative prevalence, C_Risk: 15.25×), while terrestrial services occupy roughly double what their land share would account for (Pollination: 2.21×;"
61,158,Global Hotspot Distribution,2.07×,"Nature Access: 2.07×), and nitrogen and sediment export each occupy roughly 1.4 times more (Sed_export: 1.41×;"
62,158,Global Hotspot Distribution,1.4,"Nature Access: 2.07×), and nitrogen and sediment export each occupy roughly 1.4 times more (Sed_export: 1.41×;"
63,158,Global Hotspot Distribution,1.41×,"Nature Access: 2.07×), and nitrogen and sediment export each occupy roughly 1.4 times more (Sed_export: 1.41×;"
64,158,Global Hotspot Distribution,1.39×,N_export: 1.39×).
65,158,Global Hotspot Distribution,4.5,"Averaged across all five hotspot-defining services, Mangroves hold roughly 4.5 times more hotspot area than expected given their size — the next most-affected biome (Tropical & Subtropical Moist Broadleaf Forests) averages only 2.0× — though this aggregate masks a strongly bimodal distribution driven by intense coastal vulnerability."
66,158,Global Hotspot Distribution,2.0×,"Averaged across all five hotspot-defining services, Mangroves hold roughly 4.5 times more hotspot area than expected given their size — the next most-affected biome (Tropical & Subtropical Moist Broadleaf Forests) averages only 2.0× — though this aggregate masks a strongly bimodal distribution driven by intense coastal vulnerability."
67,158,Global Hotspot Distribution,1.0,"(Relative prevalence throughout this section is a biome's, region's, or income group's share of global hotspot cells divided by its share of global land area — 1.0 means its burden matches its size; detailed geographic breakdowns of these epicenters by World Bank Region—where Latin America and East Asia dominate—and by Income Group are provided in the Annex)."
68,160,Global Hotspot Distribution,10,Count of overlapping negative hotspots per 10km cell.
69,162,Global Hotspot Distribution,1,Values > 1 indicate a biome has more hotspot area than expected given its total size; numeric labels are keyed below the chart.
70,164,Global Hotspot Distribution,1,Values > 1 indicate a group hosts more hotspot area than expected given its share of global land; numeric labels are keyed below the chart.
71,174,Socioeconomic Profiling: KS Diagnostics,24,The spatial KS tests reveal that 24 out of 25 service-by-covariate combinations (96%) show highly significant distributional differences between hotspot and background populations ($p < 0.05$ after strict FDR correction).
72,174,Socioeconomic Profiling: KS Diagnostics,25,The spatial KS tests reveal that 24 out of 25 service-by-covariate combinations (96%) show highly significant distributional differences between hotspot and background populations ($p < 0.05$ after strict FDR correction).
73,174,Socioeconomic Profiling: KS Diagnostics,96%,The spatial KS tests reveal that 24 out of 25 service-by-covariate combinations (96%) show highly significant distributional differences between hotspot and background populations ($p < 0.05$ after strict FDR correction).
74,174,Socioeconomic Profiling: KS Diagnostics,0.05,The spatial KS tests reveal that 24 out of 25 service-by-covariate combinations (96%) show highly significant distributional differences between hotspot and background populations ($p < 0.05$ after strict FDR correction).
75,174,Socioeconomic Profiling: KS Diagnostics,0.44,The one non-significant result involves coastal risk against agricultural plot intensity (C_Risk × fields_mehrabi; $p_{\text{adj}} = 0.44$;
76,174,Socioeconomic Profiling: KS Diagnostics,0.001,"Cliff's Delta ≈ 0.001) — indicating genuine decoupling, not a sample size issue, between coastal risk hotspots and small-plot agricultural landscapes."
77,176,Socioeconomic Profiling: KS Diagnostics,0.53,Two characteristics are universal across all five services: hotspot cells consistently occur in areas with higher population density (Cliff’s Delta: +0.53 to +0.64) and higher total GDP (+0.52 to +0.64) than the matched background landscape (@tbl-cliffs-delta).
78,176,Socioeconomic Profiling: KS Diagnostics,0.64,Two characteristics are universal across all five services: hotspot cells consistently occur in areas with higher population density (Cliff’s Delta: +0.53 to +0.64) and higher total GDP (+0.52 to +0.64) than the matched background landscape (@tbl-cliffs-delta).
79,176,Socioeconomic Profiling: KS Diagnostics,0.52,Two characteristics are universal across all five services: hotspot cells consistently occur in areas with higher population density (Cliff’s Delta: +0.53 to +0.64) and higher total GDP (+0.52 to +0.64) than the matched background landscape (@tbl-cliffs-delta).
80,176,Socioeconomic Profiling: KS Diagnostics,0.64,Two characteristics are universal across all five services: hotspot cells consistently occur in areas with higher population density (Cliff’s Delta: +0.53 to +0.64) and higher total GDP (+0.52 to +0.64) than the matched background landscape (@tbl-cliffs-delta).
81,180,Socioeconomic Profiling: KS Diagnostics,0.29,"* **Higher-development — Coastal risk:** hotspots occur in distinctly higher-HDI contexts (CD: +0.29), alongside a comparatively modest rise in income inequality (GINI CD: +0.08) — consistent with economically developed coastal zones where built infrastructure and urban expansion are the most plausible drivers of exposure."
82,180,Socioeconomic Profiling: KS Diagnostics,0.08,"* **Higher-development — Coastal risk:** hotspots occur in distinctly higher-HDI contexts (CD: +0.29), alongside a comparatively modest rise in income inequality (GINI CD: +0.08) — consistent with economically developed coastal zones where built infrastructure and urban expansion are the most plausible drivers of exposure."
83,181,Socioeconomic Profiling: KS Diagnostics,0.22,"* **Lower-development, higher-inequality — Nitrogen export, sediment export, pollination, and nature access:** hotspots for all four are associated with substantially higher income inequality (GINI CD: +0.22 to +0.30) and a same-direction, more variable HDI association (CD: −0.01 to −0.08) — indicating that populations most exposed to these declines tend to live in more unequal, and generally less"
84,181,Socioeconomic Profiling: KS Diagnostics,0.30,"* **Lower-development, higher-inequality — Nitrogen export, sediment export, pollination, and nature access:** hotspots for all four are associated with substantially higher income inequality (GINI CD: +0.22 to +0.30) and a same-direction, more variable HDI association (CD: −0.01 to −0.08) — indicating that populations most exposed to these declines tend to live in more unequal, and generally less"
85,181,Socioeconomic Profiling: KS Diagnostics,−0.01,"* **Lower-development, higher-inequality — Nitrogen export, sediment export, pollination, and nature access:** hotspots for all four are associated with substantially higher income inequality (GINI CD: +0.22 to +0.30) and a same-direction, more variable HDI association (CD: −0.01 to −0.08) — indicating that populations most exposed to these declines tend to live in more unequal, and generally less"
86,181,Socioeconomic Profiling: KS Diagnostics,−0.08,"* **Lower-development, higher-inequality — Nitrogen export, sediment export, pollination, and nature access:** hotspots for all four are associated with substantially higher income inequality (GINI CD: +0.22 to +0.30) and a same-direction, more variable HDI association (CD: −0.01 to −0.08) — indicating that populations most exposed to these declines tend to live in more unequal, and generally less"
87,181,Socioeconomic Profiling: KS Diagnostics,−0.01,"Nitrogen export's HDI association is the weakest of the four (CD: −0.01, essentially neutral); sediment export's is the strongest (CD: −0.08)."
88,181,Socioeconomic Profiling: KS Diagnostics,−0.08,"Nitrogen export's HDI association is the weakest of the four (CD: −0.01, essentially neutral); sediment export's is the strongest (CD: −0.08)."
89,183,Socioeconomic Profiling: KS Diagnostics,0.6,Cliff's Delta values are small relative to the ~0.6 population/GDP effect sizes across all five services (range: −0.06 to +0.12).
90,183,Socioeconomic Profiling: KS Diagnostics,−0.06,Cliff's Delta values are small relative to the ~0.6 population/GDP effect sizes across all five services (range: −0.06 to +0.12).
91,183,Socioeconomic Profiling: KS Diagnostics,0.12,Cliff's Delta values are small relative to the ~0.6 population/GDP effect sizes across all five services (range: −0.06 to +0.12).
92,183,Socioeconomic Profiling: KS Diagnostics,0.12,"Sediment export is the partial exception (CD = +0.12, the largest of the five, though still an order of magnitude below the universal population/GDP effect)."
93,183,Socioeconomic Profiling: KS Diagnostics,0.01,"Pollination — the service most intuitively linked to agricultural contexts — shows a near-zero agricultural enrichment (CD = 0.01), and nature access is differentiated by inequality and HDI context, not by farm-structure characteristics (CD = −0.06)."
94,183,Socioeconomic Profiling: KS Diagnostics,−0.06,"Pollination — the service most intuitively linked to agricultural contexts — shows a near-zero agricultural enrichment (CD = 0.01), and nature access is differentiated by inequality and HDI context, not by farm-structure characteristics (CD = −0.06)."
95,242,Socioeconomic Profiling: KS Diagnostics,100%,"Brighter colors indicate greater statistical separation.{width=""100%""}"
96,244,Socioeconomic Profiling: KS Diagnostics,100%,"Positive values indicate hotspots are associated with higher values of the covariate (e.g., higher population), while negative values indicate the opposite.{width=""100%""}"
97,257,Population Exposure and the Serviceshed Multiplier Effect,7.6 billion,"We estimate that approximately 7.6 billion people (7,596.0 million)—representing 96.7% of the global population as captured in the GHSL-POP 2020 dataset—live within, or depend directly upon, the spatial footprint of these hotspots or their connected servicesheds."
98,257,Population Exposure and the Serviceshed Multiplier Effect,"7,596.0 million","We estimate that approximately 7.6 billion people (7,596.0 million)—representing 96.7% of the global population as captured in the GHSL-POP 2020 dataset—live within, or depend directly upon, the spatial footprint of these hotspots or their connected servicesheds."
99,257,Population Exposure and the Serviceshed Multiplier Effect,96.7%,"We estimate that approximately 7.6 billion people (7,596.0 million)—representing 96.7% of the global population as captured in the GHSL-POP 2020 dataset—live within, or depend directly upon, the spatial footprint of these hotspots or their connected servicesheds."
100,257,Population Exposure and the Serviceshed Multiplier Effect,"1,250 million","Upper-middle-income countries have the most people living inside hotspot cells (1,250 million), and lower-middle-income countries the most connected beneficiaries (2,785 million)."
101,257,Population Exposure and the Serviceshed Multiplier Effect,"2,785 million","Upper-middle-income countries have the most people living inside hotspot cells (1,250 million), and lower-middle-income countries the most connected beneficiaries (2,785 million)."
102,257,Population Exposure and the Serviceshed Multiplier Effect,15.6%,"Hotspots are also disproportionately concentrated in lower-middle-income countries, which hold 15.6% of the evaluated land area but, on average across services, 19% of hotspot cells (24% for nature access), whereas high-income OECD countries hold 25% of the land area and 17% of hotspot cells; per unit of land area, hotspots are about 1.8 times as frequent in lower-middle-income as in high-income O"
103,257,Population Exposure and the Serviceshed Multiplier Effect,19%,"Hotspots are also disproportionately concentrated in lower-middle-income countries, which hold 15.6% of the evaluated land area but, on average across services, 19% of hotspot cells (24% for nature access), whereas high-income OECD countries hold 25% of the land area and 17% of hotspot cells; per unit of land area, hotspots are about 1.8 times as frequent in lower-middle-income as in high-income O"
104,257,Population Exposure and the Serviceshed Multiplier Effect,24%,"Hotspots are also disproportionately concentrated in lower-middle-income countries, which hold 15.6% of the evaluated land area but, on average across services, 19% of hotspot cells (24% for nature access), whereas high-income OECD countries hold 25% of the land area and 17% of hotspot cells; per unit of land area, hotspots are about 1.8 times as frequent in lower-middle-income as in high-income O"
105,257,Population Exposure and the Serviceshed Multiplier Effect,25%,"Hotspots are also disproportionately concentrated in lower-middle-income countries, which hold 15.6% of the evaluated land area but, on average across services, 19% of hotspot cells (24% for nature access), whereas high-income OECD countries hold 25% of the land area and 17% of hotspot cells; per unit of land area, hotspots are about 1.8 times as frequent in lower-middle-income as in high-income O"
106,257,Population Exposure and the Serviceshed Multiplier Effect,17%,"Hotspots are also disproportionately concentrated in lower-middle-income countries, which hold 15.6% of the evaluated land area but, on average across services, 19% of hotspot cells (24% for nature access), whereas high-income OECD countries hold 25% of the land area and 17% of hotspot cells; per unit of land area, hotspots are about 1.8 times as frequent in lower-middle-income as in high-income O"
107,257,Population Exposure and the Serviceshed Multiplier Effect,1.8,"Hotspots are also disproportionately concentrated in lower-middle-income countries, which hold 15.6% of the evaluated land area but, on average across services, 19% of hotspot cells (24% for nature access), whereas high-income OECD countries hold 25% of the land area and 17% of hotspot cells; per unit of land area, hotspots are about 1.8 times as frequent in lower-middle-income as in high-income O"
108,257,Population Exposure and the Serviceshed Multiplier Effect,12.4%,Low-income populations account for approximately 12.4% of the total affected people.
109,269,Population Exposure and the Serviceshed Multiplier Effect,"3,065 million","When expanding the analysis from Local Residents (**3,065 million distinct people** living directly within at least one hotspot grid cell) to Connected Beneficiaries further away, we observe variations depending on the pathway of service delivery."
110,269,Population Exposure and the Serviceshed Multiplier Effect,"6,409 million","By tracing down-gradient hydrological flow paths, we identify 6,409 million downstream beneficiaries reliant on these affected upstream locations."
111,269,Population Exposure and the Serviceshed Multiplier Effect,"7,390 million","When evaluating the access-based travel footprint (populations relying on nature access and wild pollination within reachable distances), the reliant population expands to 7,390 million individuals."
112,269,Population Exposure and the Serviceshed Multiplier Effect,"7,584 million","This reveals a Multiplier Effect: the total connected population (7,584 million) is approximately 2.5 times larger than the in-situ local residents, and the access-based population is 1.15 times larger than populations living directly downstream alone."
113,269,Population Exposure and the Serviceshed Multiplier Effect,2.5,"This reveals a Multiplier Effect: the total connected population (7,584 million) is approximately 2.5 times larger than the in-situ local residents, and the access-based population is 1.15 times larger than populations living directly downstream alone."
114,269,Population Exposure and the Serviceshed Multiplier Effect,1.15,"This reveals a Multiplier Effect: the total connected population (7,584 million) is approximately 2.5 times larger than the in-situ local residents, and the access-based population is 1.15 times larger than populations living directly downstream alone."
115,273,Population Exposure and the Serviceshed Multiplier Effect,4,"Even in the rarest, most severely degraded landscapes ($\ge 4$ overlapping hotspots), the number of Connected Beneficiaries remains logarithmically larger than the in-situ Local Residents."
116,275,Population Exposure and the Serviceshed Multiplier Effect,"1,","The dumbbell chart tracks how population exposure — from Local Residents directly inside hotspots to Total Connected Beneficiaries via downstream flow or travel access — scales logarithmically across locations experiencing 1, 2, 3, or 4+ simultaneous ecosystem service declines."
117,275,Population Exposure and the Serviceshed Multiplier Effect,"2,","The dumbbell chart tracks how population exposure — from Local Residents directly inside hotspots to Total Connected Beneficiaries via downstream flow or travel access — scales logarithmically across locations experiencing 1, 2, 3, or 4+ simultaneous ecosystem service declines."
118,275,Population Exposure and the Serviceshed Multiplier Effect,"3,","The dumbbell chart tracks how population exposure — from Local Residents directly inside hotspots to Total Connected Beneficiaries via downstream flow or travel access — scales logarithmically across locations experiencing 1, 2, 3, or 4+ simultaneous ecosystem service declines."
119,275,Population Exposure and the Serviceshed Multiplier Effect,4,"The dumbbell chart tracks how population exposure — from Local Residents directly inside hotspots to Total Connected Beneficiaries via downstream flow or travel access — scales logarithmically across locations experiencing 1, 2, 3, or 4+ simultaneous ecosystem service declines."
120,290,Geographic Clustering Enables Prioritization,2024,"(2024), a multi-model ensemble spanning 1900–2050, is among the closest prior global, multi-decade ecosystem service trends work identified."
121,290,Geographic Clustering Enables Prioritization,1900,"(2024), a multi-model ensemble spanning 1900–2050, is among the closest prior global, multi-decade ecosystem service trends work identified."
122,290,Geographic Clustering Enables Prioritization,"2050,","(2024), a multi-model ensemble spanning 1900–2050, is among the closest prior global, multi-decade ecosystem service trends work identified."
123,292,Geographic Clustering Enables Prioritization,2023,"(2023), assesses global ecosystem-service balance — supply"
124,304,Differentiated Vulnerability Tiers,0.52,All five services are concentrated in areas with substantially higher population density and total GDP than the matched background landscape (Cliff's Delta: +0.52 to +0.64).
125,304,Differentiated Vulnerability Tiers,0.64,All five services are concentrated in areas with substantially higher population density and total GDP than the matched background landscape (Cliff's Delta: +0.52 to +0.64).
126,304,Differentiated Vulnerability Tiers,0.29,"The divergence emerges along development and inequality dimensions: coastal risk hotspots occur in distinctly higher-HDI contexts (HDI CD: +0.29) with a comparatively modest rise in inequality (GINI CD: +0.08), consistent with economically developed coastal zones where built infrastructure expansion is the plausible driver of exposure."
127,304,Differentiated Vulnerability Tiers,0.08,"The divergence emerges along development and inequality dimensions: coastal risk hotspots occur in distinctly higher-HDI contexts (HDI CD: +0.29) with a comparatively modest rise in inequality (GINI CD: +0.08), consistent with economically developed coastal zones where built infrastructure expansion is the plausible driver of exposure."
128,304,Differentiated Vulnerability Tiers,0.22,"By contrast, nitrogen export, sediment export, pollination, and nature access hotspots all cluster in higher-inequality contexts (GINI CD: +0.22 to +0.30) alongside a same-direction, more variable HDI association (CD: −0.01 to −0.08), indicating that the populations most exposed to these losses tend to be more socially vulnerable and, in most cases, less economically developed."
129,304,Differentiated Vulnerability Tiers,0.30,"By contrast, nitrogen export, sediment export, pollination, and nature access hotspots all cluster in higher-inequality contexts (GINI CD: +0.22 to +0.30) alongside a same-direction, more variable HDI association (CD: −0.01 to −0.08), indicating that the populations most exposed to these losses tend to be more socially vulnerable and, in most cases, less economically developed."
130,304,Differentiated Vulnerability Tiers,−0.01,"By contrast, nitrogen export, sediment export, pollination, and nature access hotspots all cluster in higher-inequality contexts (GINI CD: +0.22 to +0.30) alongside a same-direction, more variable HDI association (CD: −0.01 to −0.08), indicating that the populations most exposed to these losses tend to be more socially vulnerable and, in most cases, less economically developed."
131,304,Differentiated Vulnerability Tiers,−0.08,"By contrast, nitrogen export, sediment export, pollination, and nature access hotspots all cluster in higher-inequality contexts (GINI CD: +0.22 to +0.30) alongside a same-direction, more variable HDI association (CD: −0.01 to −0.08), indicating that the populations most exposed to these losses tend to be more socially vulnerable and, in most cases, less economically developed."
132,310,The Sufficiency of Land Cover Monitoring as a Proxy for ES Provision Change,63.3%,"Categorical land cover conversion is a reliable signal of ES-hotspot co-occurrence where it is present — every driver tested shows a strong positive association, with no offsetting or negative case — but its reach is limited: 63.3% of hotspot cells show no co-occurrence with any of the five drivers at the top-5% threshold."
133,310,The Sufficiency of Land Cover Monitoring as a Proxy for ES Provision Change,5%,"Categorical land cover conversion is a reliable signal of ES-hotspot co-occurrence where it is present — every driver tested shows a strong positive association, with no offsetting or negative case — but its reach is limited: 63.3% of hotspot cells show no co-occurrence with any of the five drivers at the top-5% threshold."
134,314,The Sufficiency of Land Cover Monitoring as a Proxy for ES Provision Change,1,1.
135,315,The Sufficiency of Land Cover Monitoring as a Proxy for ES Provision Change,2,2.
136,330,Limitations,100,**Spatial resolution and scale of inference.** The 100 km² analysis grid supports identification of geographic patterns and regional priorities but cannot resolve site-level heterogeneity.
137,330,Limitations,100,"Additionally, the Modifiable Areal Unit Problem (MAUP) means that aggregation at 100 km² may dampen or shift apparent hotspot boundaries relative to finer-resolution analyses."
138,332,Limitations,95%,"**Sediment retention *amount*, read alongside export, can move for reasons unrelated to local retention capacity.** Because it inherits USLE's land-cover-dependent demand term (see Methods), an increase can reflect intensifying land conversion generating more erosion for the landscape to intercept, rather than any gain in ecological function — the dominant driver (95% of the total change) behind a"
139,342,Limitations,4,"**Population's role in hotspot definition versus exposure profiling.** 4 of the 5 hotspot-defining services are purely biophysical InVEST models with no population input; hotspot status for these is defined entirely from modeled service values, and population/GDP/HDI enter only afterward as covariates in the socioeconomic profiling (KS tests above)."
140,342,Limitations,5,"**Population's role in hotspot definition versus exposure profiling.** 4 of the 5 hotspot-defining services are purely biophysical InVEST models with no population input; hotspot status for these is defined entirely from modeled service values, and population/GDP/HDI enter only afterward as covariates in the socioeconomic profiling (KS tests above)."
141,342,Limitations,2019,Nature Access is the exception: its InVEST inputs blend land-cover-derived accessibility with a LandScan population layer held at a fixed 2019 vintage in both the 1992 and 2020 snapshots.
142,342,Limitations,10,"Separately, at the 10km grid scale, land conversion and population density can co-occur for reasons unrelated to any direct relationship between them (e.g., shared concentration in agricultural or peri-urban transition zones), so some of the socioeconomic profiling signal may reflect coarse-grid spatial confounding (a MAUP-adjacent concern) rather than an independent pattern; finer-resolution repl"
143,347,Conclusions,28,This assessment tracks 28 years of ecosystem service provision change across five biophysical services and 1.3 million equal-area grid cells worldwide.
144,347,Conclusions,1.3 million,This assessment tracks 28 years of ecosystem service provision change across five biophysical services and 1.3 million equal-area grid cells worldwide.
145,347,Conclusions,3.1 billion,"Socio-ecological vulnerability is deeply stratified: higher-development coastal populations and lower-development, higher-inequality populations facing terrestrial service losses represent distinct exposure profiles requiring different policy responses, and localized decline cascades substantially beyond the immediate footprint: 3.1 billion people live directly within hotspot cells, while connecte"
146,347,Conclusions,7.6 billion,"Socio-ecological vulnerability is deeply stratified: higher-development coastal populations and lower-development, higher-inequality populations facing terrestrial service losses represent distinct exposure profiles requiring different policy responses, and localized decline cascades substantially beyond the immediate footprint: 3.1 billion people live directly within hotspot cells, while connecte"
147,347,Conclusions,2.5,"Socio-ecological vulnerability is deeply stratified: higher-development coastal populations and lower-development, higher-inequality populations facing terrestrial service losses represent distinct exposure profiles requiring different policy responses, and localized decline cascades substantially beyond the immediate footprint: 3.1 billion people live directly within hotspot cells, while connecte"
148,349,Conclusions,63.3%,"Finally, the finding that 63.3% of hotspot cells do not co-occur with intense land cover conversion from any of five drivers combined—despite the 36.7% that do overlap representing a strong, highly significant positive association present for every individual driver (risk ratio 7.3 for the union, equivalently odds ratio 10.9; risk ratios 4.3–94.6 per driver)—suggests that strategies focused exclus"
149,349,Conclusions,36.7%,"Finally, the finding that 63.3% of hotspot cells do not co-occur with intense land cover conversion from any of five drivers combined—despite the 36.7% that do overlap representing a strong, highly significant positive association present for every individual driver (risk ratio 7.3 for the union, equivalently odds ratio 10.9; risk ratios 4.3–94.6 per driver)—suggests that strategies focused exclus"
150,349,Conclusions,7.3,"Finally, the finding that 63.3% of hotspot cells do not co-occur with intense land cover conversion from any of five drivers combined—despite the 36.7% that do overlap representing a strong, highly significant positive association present for every individual driver (risk ratio 7.3 for the union, equivalently odds ratio 10.9; risk ratios 4.3–94.6 per driver)—suggests that strategies focused exclus"
151,349,Conclusions,10.9,"Finally, the finding that 63.3% of hotspot cells do not co-occur with intense land cover conversion from any of five drivers combined—despite the 36.7% that do overlap representing a strong, highly significant positive association present for every individual driver (risk ratio 7.3 for the union, equivalently odds ratio 10.9; risk ratios 4.3–94.6 per driver)—suggests that strategies focused exclus"
152,349,Conclusions,4.3,"Finally, the finding that 63.3% of hotspot cells do not co-occur with intense land cover conversion from any of five drivers combined—despite the 36.7% that do overlap representing a strong, highly significant positive association present for every individual driver (risk ratio 7.3 for the union, equivalently odds ratio 10.9; risk ratios 4.3–94.6 per driver)—suggests that strategies focused exclus"
153,349,Conclusions,94.6,"Finally, the finding that 63.3% of hotspot cells do not co-occur with intense land cover conversion from any of five drivers combined—despite the 36.7% that do overlap representing a strong, highly significant positive association present for every individual driver (risk ratio 7.3 for the union, equivalently odds ratio 10.9; risk ratios 4.3–94.6 per driver)—suggests that strategies focused exclus"
154,353,Conclusions,300,"While this paper focuses on macro-regional patterns, the spatial extraction pipeline developed here—aggregating millions of 300m grid observations into multidimensional group-level summaries—provides an open-source foundation adaptable to locally-focused, equity-centered policy applications."
155,360,Data Sources and Study Design,1.3 million,"The spatial scope encompasses all terrestrial landmasses, partitioned into the IUCN Area of Occupancy grid (Murray, 2017): a standardized, equal-area grid of 1.3 million cells (100 km² each)."
156,360,Data Sources and Study Design,100,"The spatial scope encompasses all terrestrial landmasses, partitioned into the IUCN Area of Occupancy grid (Murray, 2017): a standardized, equal-area grid of 1.3 million cells (100 km² each)."
157,360,Data Sources and Study Design,"1,372,621","Grid cells classified as permanent ice, open ocean, or inland water bodies were excluded from the terrestrial analysis, leaving 1,372,621 valid land cells out of the original 1,522,073-cell land grid."
158,360,Data Sources and Study Design,"1,522,073","Grid cells classified as permanent ice, open ocean, or inland water bodies were excluded from the terrestrial analysis, leaving 1,372,621 valid land cells out of the original 1,522,073-cell land grid."
159,363,Biophysical Modeling of Ecosystem Services,300,"InVEST uses land cover, climate, and biophysical parameters to simulate ecosystem service supply via process-based models; each service is modeled independently, producing continuous rasters at 300m resolution (Sharp et al., 2020)."
160,382,Biophysical Modeling of Ecosystem Services,300,"We model five ecosystem services at a native 300-meter spatial resolution using the InVEST (Integrated Valuation of Ecosystem Services and Tradeoffs) biophysical software suite (Sharp et al., 2020):"
161,399,Ancillary Datasets and Harmonization,10,"To cross-examine biophysical changes with external socioeconomic and land-use drivers, we compiled and harmonized a suite of global gridded covariates to the 10-km IUCN grid template."
162,399,Ancillary Datasets and Harmonization,2026,"(2026), who provide machine-learning-downscaled gridded Human Development Index (HDI) predictions at 10-km resolution, and agricultural landscape metrics (plot size) from Mehrabi et al."
163,399,Ancillary Datasets and Harmonization,10,"(2026), who provide machine-learning-downscaled gridded Human Development Index (HDI) predictions at 10-km resolution, and agricultural landscape metrics (plot size) from Mehrabi et al."
164,399,Ancillary Datasets and Harmonization,2021,(2021).
165,401,Ancillary Datasets and Harmonization,300,The 300-meter ESA CCI land cover dataset serves a dual role within this pipeline: as a primary input driving the underlying InVEST biophysical models and as the baseline for the downstream spatial attribution analysis.
166,427,Dual-Pathway Analytical Design,300,"**Path A (pixel-level)** compares each 300m pixel between 1992 and 2020, then sums results to any grouping (biome, income group, country)."
167,429,Dual-Pathway Analytical Design,10,"**Path B (10km equal-area grid)** aggregates the same 300m rasters to ~1.3 million equal-area cells (IUCN AOO grid, 100 km² per cell) *before* computing change."
168,429,Dual-Pathway Analytical Design,300,"**Path B (10km equal-area grid)** aggregates the same 300m rasters to ~1.3 million equal-area cells (IUCN AOO grid, 100 km² per cell) *before* computing change."
169,429,Dual-Pathway Analytical Design,1.3 million,"**Path B (10km equal-area grid)** aggregates the same 300m rasters to ~1.3 million equal-area cells (IUCN AOO grid, 100 km² per cell) *before* computing change."
170,429,Dual-Pathway Analytical Design,100,"**Path B (10km equal-area grid)** aggregates the same 300m rasters to ~1.3 million equal-area cells (IUCN AOO grid, 100 km² per cell) *before* computing change."
171,429,Dual-Pathway Analytical Design,300,Ranking locations against the global distribution requires fixed spatial units — an individual 300m pixel cannot serve this role.
172,429,Dual-Pathway Analytical Design,100,The equal-area projection ensures each cell covers 100 km² regardless of latitude.
173,433,Dual-Pathway Analytical Design,100,Grid-cell values therefore represent mean per-hectare rates (or per-metre shore rates for the coastal service) within each 100 km² cell; the mean aggregation statistic was used uniformly across all services for consistency and comparability.
174,485,Zonal Summaries and Symmetric Percentage Change (SPC),10,Per-cell absolute changes within the 10-km grid were computed as:
175,491,Zonal Summaries and Symmetric Percentage Change (SPC),2,$$SPC = \frac{S_{2020} - S_{1992}}{(|S_{2020}| + |S_{1992}|) / 2} \times 100$$
176,491,Zonal Summaries and Symmetric Percentage Change (SPC),100,$$SPC = \frac{S_{2020} - S_{1992}}{(|S_{2020}| + |S_{1992}|) / 2} \times 100$$
177,493,Zonal Summaries and Symmetric Percentage Change (SPC),-200,SPC treats gains and losses symmetrically and bounds all resulting outputs strictly between $-200\%$ and $+200\%$.
178,493,Zonal Summaries and Symmetric Percentage Change (SPC),200,SPC treats gains and losses symmetrically and bounds all resulting outputs strictly between $-200\%$ and $+200\%$.
179,505,Hotspot Identification,5%,"Ecosystem service change hotspots are defined as the most intense 5% of grid cells by rank for relative change (SPC) values, computed separately for five services:"
180,505,Hotspot Identification,5%,"Directionality was customized to match environmental degradation across distinct service architectures: for services where an increase denotes landscape damage (*Nitrogen Export*, *Sediment Export*, *Coastal Risk*), the upper 5% of grid cells by rank was extracted; for services where a decrease signifies loss of function (*Pollination*, *Nature Access*), the lower 5% of grid cells by rank was util"
181,505,Hotspot Identification,5%,"Directionality was customized to match environmental degradation across distinct service architectures: for services where an increase denotes landscape damage (*Nitrogen Export*, *Sediment Export*, *Coastal Risk*), the upper 5% of grid cells by rank was extracted; for services where a decrease signifies loss of function (*Pollination*, *Nature Access*), the lower 5% of grid cells by rank was util"
182,507,Hotspot Identification,97%,"Ranking the same services by absolute change instead of SPC, about half of the hotspot cells are retained; the overlap ranges from 97% for coastal risk and 56% for nitrogen export to 43% for nature access, 33% for pollination and 31% for sediment export (@tbl-hotspot-metric-overlap)."
183,507,Hotspot Identification,56%,"Ranking the same services by absolute change instead of SPC, about half of the hotspot cells are retained; the overlap ranges from 97% for coastal risk and 56% for nitrogen export to 43% for nature access, 33% for pollination and 31% for sediment export (@tbl-hotspot-metric-overlap)."
184,507,Hotspot Identification,43%,"Ranking the same services by absolute change instead of SPC, about half of the hotspot cells are retained; the overlap ranges from 97% for coastal risk and 56% for nitrogen export to 43% for nature access, 33% for pollination and 31% for sediment export (@tbl-hotspot-metric-overlap)."
185,507,Hotspot Identification,33%,"Ranking the same services by absolute change instead of SPC, about half of the hotspot cells are retained; the overlap ranges from 97% for coastal risk and 56% for nitrogen export to 43% for nature access, 33% for pollination and 31% for sediment export (@tbl-hotspot-metric-overlap)."
186,507,Hotspot Identification,31%,"Ranking the same services by absolute change instead of SPC, about half of the hotspot cells are retained; the overlap ranges from 97% for coastal risk and 56% for nitrogen export to 43% for nature access, 33% for pollination and 31% for sediment export (@tbl-hotspot-metric-overlap)."
187,525,Socioeconomic Profiling and Spatial Statistics,"60,000","With per-test sample sizes reaching well over 60,000 grid cells (hotspot vs. background, combined across all 25 tests: minimum ~1,000, median ~66,400, maximum ~68,600), even negligibly small differences produce statistically significant $p$-values (Lin et al., 2013)."
188,525,Socioeconomic Profiling and Spatial Statistics,25,"With per-test sample sizes reaching well over 60,000 grid cells (hotspot vs. background, combined across all 25 tests: minimum ~1,000, median ~66,400, maximum ~68,600), even negligibly small differences produce statistically significant $p$-values (Lin et al., 2013)."
189,525,Socioeconomic Profiling and Spatial Statistics,"1,000,","With per-test sample sizes reaching well over 60,000 grid cells (hotspot vs. background, combined across all 25 tests: minimum ~1,000, median ~66,400, maximum ~68,600), even negligibly small differences produce statistically significant $p$-values (Lin et al., 2013)."
190,525,Socioeconomic Profiling and Spatial Statistics,"66,400,","With per-test sample sizes reaching well over 60,000 grid cells (hotspot vs. background, combined across all 25 tests: minimum ~1,000, median ~66,400, maximum ~68,600), even negligibly small differences produce statistically significant $p$-values (Lin et al., 2013)."
191,525,Socioeconomic Profiling and Spatial Statistics,"68,600","With per-test sample sizes reaching well over 60,000 grid cells (hotspot vs. background, combined across all 25 tests: minimum ~1,000, median ~66,400, maximum ~68,600), even negligibly small differences produce statistically significant $p$-values (Lin et al., 2013)."
192,525,Socioeconomic Profiling and Spatial Statistics,5%,"Background cells were restricted to the median 5% of each service's change distribution (47.5th–52.5th percentile), representing typical stable landscape conditions, and avoids confounding the hotspot comparison with cells at the opposite extreme (areas of large service gain) and isolates what is distinctive about acute decline against the business-as-usual baseline."
193,525,Socioeconomic Profiling and Spatial Statistics,47.5,"Background cells were restricted to the median 5% of each service's change distribution (47.5th–52.5th percentile), representing typical stable landscape conditions, and avoids confounding the hotspot comparison with cells at the opposite extreme (areas of large service gain) and isolates what is distinctive about acute decline against the business-as-usual baseline."
194,525,Socioeconomic Profiling and Spatial Statistics,52.5,"Background cells were restricted to the median 5% of each service's change distribution (47.5th–52.5th percentile), representing typical stable landscape conditions, and avoids confounding the hotspot comparison with cells at the opposite extreme (areas of large service gain) and isolates what is distinctive about acute decline against the business-as-usual baseline."
195,525,Socioeconomic Profiling and Spatial Statistics,25,"All $p$-values were adjusted using Benjamini-Hochberg False Discovery Rate correction to control Type I error across 25 simultaneous tests (the 5 hotspot-defining services × 5 covariates — ratios are excluded from this analysis, matching their exclusion from the hotspot definition itself;"
196,525,Socioeconomic Profiling and Spatial Statistics,5,"All $p$-values were adjusted using Benjamini-Hochberg False Discovery Rate correction to control Type I error across 25 simultaneous tests (the 5 hotspot-defining services × 5 covariates — ratios are excluded from this analysis, matching their exclusion from the hotspot definition itself;"
197,525,Socioeconomic Profiling and Spatial Statistics,5,"All $p$-values were adjusted using Benjamini-Hochberg False Discovery Rate correction to control Type I error across 25 simultaneous tests (the 5 hotspot-defining services × 5 covariates — ratios are excluded from this analysis, matching their exclusion from the hotspot definition itself;"
198,525,Socioeconomic Profiling and Spatial Statistics,24,"Benjamini & Hochberg, 1995). 24 of the 25 combinations remained significant after correction, confirming that the socioeconomic signal is robust and not an artefact of multiple testing."
199,525,Socioeconomic Profiling and Spatial Statistics,25,"Benjamini & Hochberg, 1995). 24 of the 25 combinations remained significant after correction, confirming that the socioeconomic signal is robust and not an artefact of multiple testing."
200,529,Land Cover Change,300,"ESA, 2017) and the Copernicus Climate Change Service (C3S) Global Land Cover v2.1.1 for the 2020 endpoint, both at 300m resolution."
201,531,Land Cover Change,37,The original 37-class LCCS legend was reclassified to nine simplified functional classes (Table @tbl-lcc-reclass).
202,531,Land Cover Change,"160,","Flooded tree classes (ESA codes 160, 170) were mapped to Forest rather than Wetland to retain mangrove and swamp forest within the natural-habitat category."
203,531,Land Cover Change,170,"Flooded tree classes (ESA codes 160, 170) were mapped to Forest rather than Wetland to retain mangrove and swamp forest within the natural-habitat category."
204,535,Land Cover Change,1,"| 1 | Cropland | 10, 11, 12, 20, 30, 40 |"
205,535,Land Cover Change,"10,","| 1 | Cropland | 10, 11, 12, 20, 30, 40 |"
206,535,Land Cover Change,"11,","| 1 | Cropland | 10, 11, 12, 20, 30, 40 |"
207,535,Land Cover Change,"12,","| 1 | Cropland | 10, 11, 12, 20, 30, 40 |"
208,535,Land Cover Change,"20,","| 1 | Cropland | 10, 11, 12, 20, 30, 40 |"
209,535,Land Cover Change,"30,","| 1 | Cropland | 10, 11, 12, 20, 30, 40 |"
210,535,Land Cover Change,40,"| 1 | Cropland | 10, 11, 12, 20, 30, 40 |"
211,536,Land Cover Change,2,"| 2 | Forest | 50–100, 160, 170 |"
212,536,Land Cover Change,50,"| 2 | Forest | 50–100, 160, 170 |"
213,536,Land Cover Change,"100,","| 2 | Forest | 50–100, 160, 170 |"
214,536,Land Cover Change,"160,","| 2 | Forest | 50–100, 160, 170 |"
215,536,Land Cover Change,170,"| 2 | Forest | 50–100, 160, 170 |"
216,537,Land Cover Change,3,| 3 | Grassland / Shrubland | 110–130 |
217,537,Land Cover Change,110,| 3 | Grassland / Shrubland | 110–130 |
218,537,Land Cover Change,130,| 3 | Grassland / Shrubland | 110–130 |
219,538,Land Cover Change,4,| 4 | Sparse vegetation | 140–153 |
220,538,Land Cover Change,140,| 4 | Sparse vegetation | 140–153 |
221,538,Land Cover Change,153,| 4 | Sparse vegetation | 140–153 |
222,539,Land Cover Change,5,| 5 | Wetland | 180 |
223,539,Land Cover Change,180,| 5 | Wetland | 180 |
224,540,Land Cover Change,6,| 6 | Urban / Built-up | 190 |
225,540,Land Cover Change,190,| 6 | Urban / Built-up | 190 |
226,541,Land Cover Change,7,| 7 | Bare land | 200–202 |
227,541,Land Cover Change,200,| 7 | Bare land | 200–202 |
228,541,Land Cover Change,202,| 7 | Bare land | 200–202 |
229,542,Land Cover Change,8,| 8 | Water | 210 |
230,542,Land Cover Change,210,| 8 | Water | 210 |
231,543,Land Cover Change,9,| 9 | Snow / Ice | 220 |
232,543,Land Cover Change,220,| 9 | Snow / Ice | 220 |
233,545,Land Cover Change,37,Reclassification from ESA LCCS 37-class legend to 9 simplified classes.
234,545,Land Cover Change,9,Reclassification from ESA LCCS 37-class legend to 9 simplified classes.
235,547,Land Cover Change,10,"Five conversion drivers were extracted per 10km grid cell using the `diffeR` R package (Pontius, 2022;"
236,547,Land Cover Change,2,"Pontius & Millones, 2011): gross forest loss (class 2 transitioning to any other class), cropland expansion (gain of class 1), urban expansion (gain of class 6), and gross grassland loss and grassland gain (class 3 transitions)."
237,547,Land Cover Change,1,"Pontius & Millones, 2011): gross forest loss (class 2 transitioning to any other class), cropland expansion (gain of class 1), urban expansion (gain of class 6), and gross grassland loss and grassland gain (class 3 transitions)."
238,547,Land Cover Change,6,"Pontius & Millones, 2011): gross forest loss (class 2 transitioning to any other class), cropland expansion (gain of class 1), urban expansion (gain of class 6), and gross grassland loss and grassland gain (class 3 transitions)."
239,547,Land Cover Change,3,"Pontius & Millones, 2011): gross forest loss (class 2 transitioning to any other class), cropland expansion (gain of class 1), urban expansion (gain of class 6), and gross grassland loss and grassland gain (class 3 transitions)."
240,550,Spatial Attribution Analysis,5%,"*Land cover conversion hotspots* were defined as the top 5% of grid cells by gross conversion magnitude per driver — matching the ES hotspot threshold, so that the most intense ecosystem service losses are compared against equally intense land cover conversions rather than any marginal change."
241,550,Spatial Attribution Analysis,5%,"The *attribution gap* is the proportion of ES hotspot cells that fall outside the top 5% of all five LCC drivers combined (i.e., outside their cell-level union); a large gap indicates that severe ES decline does not systematically co-occur with the most intense land cover conversion."
242,552,Spatial Attribution Analysis,5%,"Both are independently reduced to binary spatial maps at an equivalent 5% threshold before any comparison — making the co-occurrence test agnostic to the differing underlying measurement systems, since at the point of comparison both sides are equivalent binary maps of spatial extremes within their respective global distributions."
243,631,Spatial Attribution Gap: Land Cover Co-occurrence Analysis,5%,"To assess whether intense ecosystem service decline co-occurs with intense land cover conversion, we compared ES hotspot cells (top 5% of SPC change per service) against land cover conversion hotspot cells (top 5% of gross conversion magnitude per driver) within the same 10km equal-area grid."
244,631,Spatial Attribution Gap: Land Cover Co-occurrence Analysis,5%,"To assess whether intense ecosystem service decline co-occurs with intense land cover conversion, we compared ES hotspot cells (top 5% of SPC change per service) against land cover conversion hotspot cells (top 5% of gross conversion magnitude per driver) within the same 10km equal-area grid."
245,631,Spatial Attribution Gap: Land Cover Co-occurrence Analysis,10,"To assess whether intense ecosystem service decline co-occurs with intense land cover conversion, we compared ES hotspot cells (top 5% of SPC change per service) against land cover conversion hotspot cells (top 5% of gross conversion magnitude per driver) within the same 10km equal-area grid."
246,631,Spatial Attribution Gap: Land Cover Co-occurrence Analysis,5%,"Because five distinct drivers each contribute a 5% tail, and these tails substantially overlap each other in space (forest clearing and cropland expansion, for instance, concentrate on the same deforestation frontiers), their union covers **9.0%** of the global grid — not the naive ~5% that spatial independence of a single driver would predict."
247,631,Spatial Attribution Gap: Land Cover Co-occurrence Analysis,9.0%,"Because five distinct drivers each contribute a 5% tail, and these tails substantially overlap each other in space (forest clearing and cropland expansion, for instance, concentrate on the same deforestation frontiers), their union covers **9.0%** of the global grid — not the naive ~5% that spatial independence of a single driver would predict."
248,631,Spatial Attribution Gap: Land Cover Co-occurrence Analysis,5%,"Because five distinct drivers each contribute a 5% tail, and these tails substantially overlap each other in space (forest clearing and cropland expansion, for instance, concentrate on the same deforestation frontiers), their union covers **9.0%** of the global grid — not the naive ~5% that spatial independence of a single driver would predict."
249,633,Spatial Attribution Gap: Land Cover Co-occurrence Analysis,36.7%,"Against that baseline, ES hotspot cells overlap with the LCC driver union at a rate of **36.7%** — a risk ratio of **7.3** relative to the 5.0% background rate observed among non-hotspot cells (equivalently, odds ratio 10.9, 95% CI 10.81–11.08;"
250,633,Spatial Attribution Gap: Land Cover Co-occurrence Analysis,7.3,"Against that baseline, ES hotspot cells overlap with the LCC driver union at a rate of **36.7%** — a risk ratio of **7.3** relative to the 5.0% background rate observed among non-hotspot cells (equivalently, odds ratio 10.9, 95% CI 10.81–11.08;"
251,633,Spatial Attribution Gap: Land Cover Co-occurrence Analysis,5.0%,"Against that baseline, ES hotspot cells overlap with the LCC driver union at a rate of **36.7%** — a risk ratio of **7.3** relative to the 5.0% background rate observed among non-hotspot cells (equivalently, odds ratio 10.9, 95% CI 10.81–11.08;"
252,633,Spatial Attribution Gap: Land Cover Co-occurrence Analysis,10.9,"Against that baseline, ES hotspot cells overlap with the LCC driver union at a rate of **36.7%** — a risk ratio of **7.3** relative to the 5.0% background rate observed among non-hotspot cells (equivalently, odds ratio 10.9, 95% CI 10.81–11.08;"
253,633,Spatial Attribution Gap: Land Cover Co-occurrence Analysis,95%,"Against that baseline, ES hotspot cells overlap with the LCC driver union at a rate of **36.7%** — a risk ratio of **7.3** relative to the 5.0% background rate observed among non-hotspot cells (equivalently, odds ratio 10.9, 95% CI 10.81–11.08;"
254,633,Spatial Attribution Gap: Land Cover Co-occurrence Analysis,10.81,"Against that baseline, ES hotspot cells overlap with the LCC driver union at a rate of **36.7%** — a risk ratio of **7.3** relative to the 5.0% background rate observed among non-hotspot cells (equivalently, odds ratio 10.9, 95% CI 10.81–11.08;"
255,633,Spatial Attribution Gap: Land Cover Co-occurrence Analysis,11.08,"Against that baseline, ES hotspot cells overlap with the LCC driver union at a rate of **36.7%** — a risk ratio of **7.3** relative to the 5.0% background rate observed among non-hotspot cells (equivalently, odds ratio 10.9, 95% CI 10.81–11.08;"
256,633,Spatial Attribution Gap: Land Cover Co-occurrence Analysis,0.001,"*p* < 0.001 on n > 1.51 million cells, and here the large sample size is not doing the work — the effect size itself is large)."
257,633,Spatial Attribution Gap: Land Cover Co-occurrence Analysis,1.51 million,"*p* < 0.001 on n > 1.51 million cells, and here the large sample size is not doing the work — the effect size itself is large)."
258,633,Spatial Attribution Gap: Land Cover Co-occurrence Analysis,5%,"At the top-5% severity threshold, ES hotspots co-occur with intense land cover conversion at a rate well above background."
259,635,Spatial Attribution Gap: Land Cover Co-occurrence Analysis,4.3,"This positive association holds for every individual driver (@tbl-attribution-drivers), from Grassland Gain (risk ratio 4.3, the weakest) to Cropland Expansion (risk ratio 94.6, the strongest)."
260,635,Spatial Attribution Gap: Land Cover Co-occurrence Analysis,94.6,"This positive association holds for every individual driver (@tbl-attribution-drivers), from Grassland Gain (risk ratio 4.3, the weakest) to Cropland Expansion (risk ratio 94.6, the strongest)."
261,637,Spatial Attribution Gap: Land Cover Co-occurrence Analysis,63.3%,"Even so, the remaining **63.3% of ES hotspot cells do not co-occur with any intense land cover conversion driver**."
262,637,Spatial Attribution Gap: Land Cover Co-occurrence Analysis,5%,This does not imply those cells experienced zero land cover change; some may have undergone moderate conversion below the top-5% threshold.
263,665,Spatial Attribution Gap: Land Cover Co-occurrence Analysis,100%,"![All Ecosystem Service Decline Hotspots{width=""100%""}"
264,667,Spatial Attribution Gap: Land Cover Co-occurrence Analysis,5,"![Land Cover Conversion Hotspots (all 5 drivers, regardless of ES-hotspot status){width=""100%""}"
265,667,Spatial Attribution Gap: Land Cover Co-occurrence Analysis,100%,"![Land Cover Conversion Hotspots (all 5 drivers, regardless of ES-hotspot status){width=""100%""}"
266,669,Spatial Attribution Gap: Land Cover Co-occurrence Analysis,"189,932","The map on the left shows the total footprint of intense ecosystem service decline (189,932 cells)."
267,669,Spatial Attribution Gap: Land Cover Co-occurrence Analysis,"136,468","The map on the right shows the total footprint of intense land cover conversion from any of five drivers (136,468 cells) — it is not filtered to ES-hotspot status."
268,669,Spatial Attribution Gap: Land Cover Co-occurrence Analysis,36.7%,"The two footprints overlap substantially where they overlap at all (36.7% of ES hotspot cells fall inside the conversion footprint, against a 5.0% background rate), but the conversion footprint is considerably smaller than the ES-decline footprint, which is why 63.3% of ES hotspots fall outside it."
269,669,Spatial Attribution Gap: Land Cover Co-occurrence Analysis,5.0%,"The two footprints overlap substantially where they overlap at all (36.7% of ES hotspot cells fall inside the conversion footprint, against a 5.0% background rate), but the conversion footprint is considerably smaller than the ES-decline footprint, which is why 63.3% of ES hotspots fall outside it."
270,669,Spatial Attribution Gap: Land Cover Co-occurrence Analysis,63.3%,"The two footprints overlap substantially where they overlap at all (36.7% of ES hotspot cells fall inside the conversion footprint, against a 5.0% background rate), but the conversion footprint is considerably smaller than the ES-decline footprint, which is why 63.3% of ES hotspots fall outside it."
271,676,Hotspot Sensitivity to the Change Metric,200%,| Service | SPC hotspot cells | Also a hotspot by absolute change | At the SPC bound (±200%) | Median baseline of hotspot cells relative to all cells |
272,678,Hotspot Sensitivity to the Change Metric,"65,858","| Nitrogen Export | 65,858 | 56% | 0.5% | 0.70 |"
273,678,Hotspot Sensitivity to the Change Metric,56%,"| Nitrogen Export | 65,858 | 56% | 0.5% | 0.70 |"
274,678,Hotspot Sensitivity to the Change Metric,0.5%,"| Nitrogen Export | 65,858 | 56% | 0.5% | 0.70 |"
275,678,Hotspot Sensitivity to the Change Metric,0.70,"| Nitrogen Export | 65,858 | 56% | 0.5% | 0.70 |"
276,679,Hotspot Sensitivity to the Change Metric,"65,858","| Sediment Export | 65,858 | 31% | 0.6% | 0.12 |"
277,679,Hotspot Sensitivity to the Change Metric,31%,"| Sediment Export | 65,858 | 31% | 0.6% | 0.12 |"
278,679,Hotspot Sensitivity to the Change Metric,0.6%,"| Sediment Export | 65,858 | 31% | 0.6% | 0.12 |"
279,679,Hotspot Sensitivity to the Change Metric,0.12,"| Sediment Export | 65,858 | 31% | 0.6% | 0.12 |"
280,680,Hotspot Sensitivity to the Change Metric,"1,978","| Coastal Risk | 1,978 | 97% | 0.0% | 1.03 |"
281,680,Hotspot Sensitivity to the Change Metric,97%,"| Coastal Risk | 1,978 | 97% | 0.0% | 1.03 |"
282,680,Hotspot Sensitivity to the Change Metric,0.0%,"| Coastal Risk | 1,978 | 97% | 0.0% | 1.03 |"
283,680,Hotspot Sensitivity to the Change Metric,1.03,"| Coastal Risk | 1,978 | 97% | 0.0% | 1.03 |"
284,681,Hotspot Sensitivity to the Change Metric,"65,858","| Pollination | 65,858 | 33% | 15.8% | 0.06 |"
285,681,Hotspot Sensitivity to the Change Metric,33%,"| Pollination | 65,858 | 33% | 15.8% | 0.06 |"
286,681,Hotspot Sensitivity to the Change Metric,15.8%,"| Pollination | 65,858 | 33% | 15.8% | 0.06 |"
287,681,Hotspot Sensitivity to the Change Metric,0.06,"| Pollination | 65,858 | 33% | 15.8% | 0.06 |"
288,682,Hotspot Sensitivity to the Change Metric,"65,723","| Nature Access | 65,723 | 43% | 16.4% | 0.71 |"
289,682,Hotspot Sensitivity to the Change Metric,43%,"| Nature Access | 65,723 | 43% | 16.4% | 0.71 |"
290,682,Hotspot Sensitivity to the Change Metric,16.4%,"| Nature Access | 65,723 | 43% | 16.4% | 0.71 |"
291,682,Hotspot Sensitivity to the Change Metric,0.71,"| Nature Access | 65,723 | 43% | 16.4% | 0.71 |"
292,684,Hotspot Sensitivity to the Change Metric,5%,"Overlap between hotspots defined by SPC (primary criterion) and by absolute change, using the same rank-based 5% rule and direction per service."
293,684,Hotspot Sensitivity to the Change Metric,1,The last column compares the median baseline provision of SPC hotspot cells with that of all evaluated cells; values below 1 indicate hotspots concentrated in low-baseline cells.
294,684,Hotspot Sensitivity to the Change Metric,200%,"Cells at the ±200% bound are those where the service disappeared from, or appeared in, the cell."
